#,,,,"generated_by='OpenQuake engine 3.16.1', start_date='2023-05-23T00:22:57', checksum=843156240"
custom_site_id,lon,lat,gmv_PGA,gsd_PGA
qd4nqfpf,1.15620E+02,-3.26400E+01,1.68862E-02,1.56444E+00
qd4nr4p4,1.15630E+02,-3.26400E+01,1.68802E-02,1.54689E+00
qd4nr5zh,1.15630E+02,-3.26300E+01,1.82367E-02,1.52942E+00
qd4nrpx0,1.15630E+02,-3.26100E+01,1.84677E-02,1.57352E+00
qd4nx1r5,1.15630E+02,-3.26000E+01,1.94411E-02,1.51100E+00
qd4nr2nr,1.15640E+02,-3.26500E+01,1.76436E-02,1.56661E+00
qd4nr7yk,1.15640E+02,-3.26300E+01,1.81504E-02,1.60048E+00
qd4nrrw2,1.15640E+02,-3.26100E+01,1.92040E-02,1.53165E+00
qd4nx3q7,1.15640E+02,-3.26000E+01,1.95257E-02,1.56605E+00
qd4nx7nm,1.15640E+02,-3.25900E+01,1.96895E-02,1.58597E+00
qd4nr8jz,1.15650E+02,-3.26500E+01,1.79363E-02,1.57626E+00
qd4nrdjf,1.15650E+02,-3.26400E+01,1.71921E-02,1.58601E+00
qd4nrxtb,1.15650E+02,-3.26100E+01,1.87547E-02,1.57109E+00
qd4nx9mg,1.15650E+02,-3.26000E+01,1.93339E-02,1.58841E+00
qd4nxsvz,1.15650E+02,-3.25800E+01,1.93378E-02,1.53021E+00
qd4nxgjj,1.15660E+02,-3.25900E+01,1.95504E-02,1.59006E+00
qd4nxuvp,1.15660E+02,-3.25800E+01,1.99593E-02,1.57159E+00
qd6hpvt4,1.15660E+02,-3.16100E+01,5.27091E-02,1.59200E+00
qd6hruv5,1.15660E+02,-3.15700E+01,4.65140E-02,1.56692E+00
qd4q85hm,1.15670E+02,-3.25900E+01,2.12987E-02,1.56021E+00
qd6k01um,1.15670E+02,-3.16300E+01,6.09729E-02,1.58492E+00
qd4q8qg9,1.15680E+02,-3.25700E+01,1.97380E-02,1.61462E+00
qd4qb2es,1.15680E+02,-3.25600E+01,2.12458E-02,1.62519E+00
qd6k025e,1.15680E+02,-3.16400E+01,6.23830E-02,1.57582E+00
qd6k03gt,1.15680E+02,-3.16300E+01,5.71950E-02,1.49161E+00
qd6k0med,1.15680E+02,-3.16100E+01,5.60873E-02,1.61795E+00
qd4q8wfc,1.15690E+02,-3.25700E+01,2.11260E-02,1.54720E+00
qd4qb8du,1.15690E+02,-3.25600E+01,2.18460E-02,1.65860E+00
qd4qbd6y,1.15690E+02,-3.25500E+01,2.47254E-02,1.57826E+00
qd620w4u,1.15690E+02,-3.23100E+01,4.28227E-02,1.65559E+00
qd622t6v,1.15690E+02,-3.22700E+01,5.09970E-02,1.58008E+00
qd67bddu,1.15690E+02,-3.16700E+01,7.11488E-02,1.57072E+00
qd6k084g,1.15690E+02,-3.16400E+01,6.78968E-02,1.62112E+00
qd6k09fv,1.15690E+02,-3.16300E+01,5.99901E-02,1.54550E+00
qd6k0efb,1.15690E+02,-3.16200E+01,5.72585E-02,1.63558E+00
qd6k0tdf,1.15690E+02,-3.16100E+01,5.51686E-02,1.58844E+00
qd6k0x6u,1.15690E+02,-3.16000E+01,5.34383E-02,1.57766E+00
qd4qbbdh,1.15700E+02,-3.25600E+01,2.05407E-02,1.55002E+00
qd4qbf6n,1.15700E+02,-3.25500E+01,2.27010E-02,1.53943E+00
qd4qbzfj,1.15700E+02,-3.25200E+01,2.45522E-02,1.60205E+00
qd620zfn,1.15700E+02,-3.23000E+01,4.48990E-02,1.56858E+00
qd622v6j,1.15700E+02,-3.22700E+01,5.35150E-02,1.56136E+00
qd678z40,1.15700E+02,-3.16900E+01,8.09431E-02,1.54153E+00
qd67bbf4,1.15700E+02,-3.16800E+01,7.09954E-02,1.52441E+00
qd67bfdh,1.15700E+02,-3.16700E+01,6.94373E-02,1.60423E+00
qd67by61,1.15700E+02,-3.16500E+01,6.32091E-02,1.57498E+00
qd6k0b45,1.15700E+02,-3.16400E+01,6.61458E-02,1.55981E+00
qd6k0cfj,1.15700E+02,-3.16300E+01,6.01928E-02,1.60894E+00
qd6k0gf0,1.15700E+02,-3.16200E+01,6.73671E-02,1.56770E+00
qd6k0z6h,1.15700E+02,-3.16000E+01,5.71319E-02,1.62928E+00
qd6k2c4n,1.15700E+02,-3.15900E+01,5.44051E-02,1.59276E+00
qd4qc09k,1.15710E+02,-3.25600E+01,2.25638E-02,1.51893E+00
qd4qc43q,1.15710E+02,-3.25500E+01,2.36218E-02,1.58162E+00
qd4qch32,1.15710E+02,-3.25400E+01,2.43348E-02,1.56953E+00
qd4qcn17,1.15710E+02,-3.25300E+01,2.55501E-02,1.54594E+00
qd4qcpcm,1.15710E+02,-3.25200E+01,2.40187E-02,1.57195E+00
qd621pcq,1.15710E+02,-3.23000E+01,5.18815E-02,1.56447E+00
qd623597,1.15710E+02,-3.22800E+01,4.68013E-02,1.61591E+00
qd679j1q,1.15710E+02,-3.17000E+01,8.11284E-02,1.67099E+00
qd679p12,1.15710E+02,-3.16900E+01,7.53999E-02,1.55722E+00
qd67c0c6,1.15710E+02,-3.16800E+01,7.57907E-02,1.53087E+00
qd67c49k,1.15710E+02,-3.16700E+01,7.31638E-02,1.55524E+00
qd67ch3r,1.15710E+02,-3.16600E+01,7.35891E-02,1.61303E+00
qd67cn33,1.15710E+02,-3.16500E+01,6.74658E-02,1.57696E+00
qd6k1017,1.15710E+02,-3.16400E+01,6.86490E-02,1.61179E+00
qd6k11cm,1.15710E+02,-3.16300E+01,6.63926E-02,1.55792E+00
qd6k15c2,1.15710E+02,-3.16200E+01,6.37798E-02,1.57175E+00
qd6k1j96,1.15710E+02,-3.16100E+01,5.54488E-02,1.56314E+00
qd4qc62w,1.15720E+02,-3.25500E+01,2.14484E-02,1.51040E+00
qd4qck28,1.15720E+02,-3.25400E+01,2.33289E-02,1.54918E+00
qd4qcq0e,1.15720E+02,-3.25300E+01,2.39134E-02,1.60935E+00
qd4qcrbt,1.15720E+02,-3.25200E+01,2.59897E-02,1.53229E+00
qd6233b9,1.15720E+02,-3.22900E+01,4.88437E-02,1.56410E+00
qd62378e,1.15720E+02,-3.22800E+01,5.26107E-02,1.60253E+00
qd673mbt,1.15720E+02,-3.17400E+01,1.01113E-01,1.61223E+00
qd673r8x,1.15720E+02,-3.17300E+01,9.34739E-02,1.52666E+00
qd679389,1.15720E+02,-3.17200E+01,9.04064E-02,1.59272E+00
qd67972e,1.15720E+02,-3.17100E+01,8.38922E-02,1.48208E+00
qd679m0w,1.15720E+02,-3.17000E+01,8.67144E-02,1.63383E+00
qd679r08,1.15720E+02,-3.16900E+01,8.35683E-02,1.54310E+00
qd67c2bd,1.15720E+02,-3.16800E+01,8.02244E-02,1.58101E+00
qd67c68s,1.15720E+02,-3.16700E+01,7.79435E-02,1.55256E+00
qd67ck2x,1.15720E+02,-3.16600E+01,8.02085E-02,1.56002E+00
qd6k120e,1.15720E+02,-3.16400E+01,5.98493E-02,1.58514E+00
qd4qcd2n,1.15730E+02,-3.25500E+01,2.16037E-02,1.56279E+00
qd4qcs20,1.15730E+02,-3.25400E+01,2.24540E-02,1.57540E+00
qd4qcw05,1.15730E+02,-3.25300E+01,2.44145E-02,1.58587E+00
qd4qcxbj,1.15730E+02,-3.25200E+01,2.55690E-02,1.55502E+00
qd4rce0p,1.15730E+02,-3.23700E+01,3.45113E-02,1.54872E+00
qd621xbn,1.15730E+02,-3.23000E+01,5.02812E-02,1.55923E+00
qd6239b1,1.15730E+02,-3.22900E+01,5.17411E-02,1.57171E+00
qd623e85,1.15730E+02,-3.22800E+01,5.26915E-02,1.61109E+00
qd623t2j,1.15730E+02,-3.22700E+01,5.36790E-02,1.59043E+00
qd639e8h,1.15730E+02,-3.20600E+01,1.27973E-01,1.52418E+00
qd639t2p,1.15730E+02,-3.20500E+01,1.24534E-01,1.56924E+00
qd639x21,1.15730E+02,-3.20400E+01,1.36177E-01,1.51818E+00
qd67190j,1.15730E+02,-3.18100E+01,1.28435E-01,1.63650E+00
qd671dbp,1.15730E+02,-3.18000E+01,1.15026E-01,1.58387E+00
qd671sb1,1.15730E+02,-3.17900E+01,1.14484E-01,1.58153E+00
qd67382n,1.15730E+02,-3.17700E+01,1.09911E-01,1.61168E+00
qd673d20,1.15730E+02,-3.17600E+01,1.07448E-01,1.56846E+00
qd673s04,1.15730E+02,-3.17500E+01,1.08677E-01,1.57203E+00
qd673x8p,1.15730E+02,-3.17300E+01,9.85621E-02,1.53507E+00
qd679981,1.15730E+02,-3.17200E+01,9.25572E-02,1.54297E+00
qd679e25,1.15730E+02,-3.17100E+01,8.65021E-02,1.62540E+00
qd679x00,1.15730E+02,-3.16900E+01,8.10463E-02,1.52166E+00
qd67c8b4,1.15730E+02,-3.16800E+01,8.30379E-02,1.54607E+00
qd67cd8h,1.15730E+02,-3.16700E+01,7.57552E-02,1.56943E+00
qd4qc8xk,1.15740E+02,-3.25600E+01,2.08294E-02,1.61226E+00
qd4qcsr2,1.15740E+02,-3.25400E+01,2.37902E-02,1.57563E+00
qd4qcwp7,1.15740E+02,-3.25300E+01,2.57293E-02,1.62953E+00
qd4r19xr,1.15740E+02,-3.25100E+01,2.42240E-02,1.55718E+00
qd4rcepr,1.15740E+02,-3.23700E+01,4.09455E-02,1.54397E+00
qd621dx2,1.15740E+02,-3.23300E+01,4.71553E-02,1.55879E+00
qd621sr6,1.15740E+02,-3.23200E+01,4.47827E-02,1.55683E+00
qd621xzq,1.15740E+02,-3.23000E+01,4.72399E-02,1.58831E+00
qd6239z3,1.15740E+02,-3.22900E+01,5.91049E-02,1.48576E+00
qd623ex7,1.15740E+02,-3.22800E+01,5.12047E-02,1.60068E+00
qd623trm,1.15740E+02,-3.22700E+01,5.37660E-02,1.54026E+00
qd639exk,1.15740E+02,-3.20600E+01,1.18428E-01,1.59500E+00
qd639trr,1.15740E+02,-3.20500E+01,1.26106E-01,1.60981E+00
qd639xr3,1.15740E+02,-3.20400E+01,1.27186E-01,1.56323E+00
qd66ctx2,1.15740E+02,-3.18300E+01,1.31883E-01,1.58507E+00
qd66cxr7,1.15740E+02,-3.18200E+01,1.14888E-01,1.54985E+00
qd6719pm,1.15740E+02,-3.18100E+01,1.24316E-01,1.56581E+00
qd671dzr,1.15740E+02,-3.18000E+01,1.23551E-01,1.60637E+00
qd671sz3,1.15740E+02,-3.17900E+01,1.26486E-01,1.53887E+00
qd671wxk,1.15740E+02,-3.17800E+01,1.22748E-01,1.53094E+00
qd6738rq,1.15740E+02,-3.17700E+01,1.12828E-01,1.50088E+00
qd673dr2,1.15740E+02,-3.17600E+01,1.11115E-01,1.54107E+00
qd673sp6,1.15740E+02,-3.17500E+01,1.10424E-01,1.56462E+00
qd673tzm,1.15740E+02,-3.17400E+01,1.02862E-01,1.59020E+00
qd673xxr,1.15740E+02,-3.17300E+01,1.04511E-01,1.61858E+00
qd6799x3,1.15740E+02,-3.17200E+01,9.62341E-02,1.59586E+00
qd679er7,1.15740E+02,-3.17100E+01,1.03236E-01,1.63916E+00
qd67cdxk,1.15740E+02,-3.16700E+01,7.95480E-02,1.55074E+00
qd4qcbws,1.15750E+02,-3.25600E+01,2.40972E-02,1.53709E+00
qd4qcfqw,1.15750E+02,-3.25500E+01,2.26169E-02,1.58903E+00
qd4qcuq8,1.15750E+02,-3.25400E+01,2.28383E-02,1.59177E+00
qd4qcyne,1.15750E+02,-3.25300E+01,2.32847E-02,1.56843E+00
qd4qczyt,1.15750E+02,-3.25200E+01,2.55801E-02,1.54299E+00
qd4r1cwx,1.15750E+02,-3.25100E+01,2.67593E-02,1.62284E+00
qd4r1gw9,1.15750E+02,-3.25000E+01,2.60115E-02,1.60531E+00
qd4r1vqs,1.15750E+02,-3.24900E+01,2.74165E-02,1.56665E+00
qd4r1znw,1.15750E+02,-3.24800E+01,3.05304E-02,1.58264E+00
qd4r3cn8,1.15750E+02,-3.24700E+01,2.73285E-02,1.63154E+00
qd4r3yqx,1.15750E+02,-3.24400E+01,3.25670E-02,1.61502E+00
qd4r9bq9,1.15750E+02,-3.24300E+01,3.11058E-02,1.55932E+00
qd4r9gyw,1.15750E+02,-3.24100E+01,3.29528E-02,1.58074E+00
qd4r9vy8,1.15750E+02,-3.24000E+01,3.62905E-02,1.63756E+00
qd4rcyye,1.15750E+02,-3.23500E+01,4.14880E-02,1.54515E+00
qd621uqd,1.15750E+02,-3.23200E+01,4.99082E-02,1.62699E+00
qd623cy9,1.15750E+02,-3.22900E+01,5.65813E-02,1.58039E+00
qd623gwe,1.15750E+02,-3.22800E+01,5.89180E-02,1.57680E+00
qd623vqt,1.15750E+02,-3.22700E+01,5.96771E-02,1.59466E+00
qd623znx,1.15750E+02,-3.22600E+01,6.61160E-02,1.55338E+00
qd631yyt,1.15750E+02,-3.21300E+01,1.03014E-01,1.58777E+00
qd639bn8,1.15750E+02,-3.20800E+01,1.18242E-01,1.60628E+00
qd639cyd,1.15750E+02,-3.20700E+01,1.22819E-01,1.54549E+00
qd639gws,1.15750E+02,-3.20600E+01,1.26004E-01,1.60971E+00
qd639vqx,1.15750E+02,-3.20500E+01,1.36369E-01,1.60850E+00
qd639zq9,1.15750E+02,-3.20400E+01,1.37451E-01,1.52436E+00
qd63ccne,1.15750E+02,-3.20300E+01,1.35836E-01,1.55470E+00
qd63cfyt,1.15750E+02,-3.20200E+01,1.41690E-01,1.49045E+00
qd63cuy8,1.15750E+02,-3.20100E+01,1.37974E-01,1.54369E+00
qd63cywd,1.15750E+02,-3.20000E+01,1.44165E-01,1.52978E+00
qd661bqs,1.15750E+02,-3.19900E+01,1.50468E-01,1.56763E+00
qd661fnw,1.15750E+02,-3.19800E+01,1.40518E-01,1.60378E+00
qd669uqt,1.15750E+02,-3.18800E+01,1.47109E-01,1.53362E+00
qd669ynx,1.15750E+02,-3.18700E+01,1.42997E-01,1.56586E+00
qd66ccys,1.15750E+02,-3.18500E+01,1.32083E-01,1.55968E+00
qd66cgww,1.15750E+02,-3.18400E+01,1.29076E-01,1.59060E+00
qd66cvw8,1.15750E+02,-3.18300E+01,1.26208E-01,1.52402E+00
qd66czqe,1.15750E+02,-3.18200E+01,1.35550E-01,1.60913E+00
qd671cnt,1.15750E+02,-3.18100E+01,1.42191E-01,1.60736E+00
qd671fyx,1.15750E+02,-3.18000E+01,1.30946E-01,1.57961E+00
qd671uy9,1.15750E+02,-3.17900E+01,1.16139E-01,1.62081E+00
qd671yws,1.15750E+02,-3.17800E+01,1.29118E-01,1.53197E+00
qd673bqw,1.15750E+02,-3.17700E+01,1.23598E-01,1.59964E+00
qd673fq8,1.15750E+02,-3.17600E+01,1.11545E-01,1.54411E+00
qd673und,1.15750E+02,-3.17500E+01,1.18428E-01,1.54817E+00
qd673vyt,1.15750E+02,-3.17400E+01,1.10115E-01,1.59960E+00
qd673zwx,1.15750E+02,-3.17300E+01,1.11253E-01,1.56697E+00
qd679cw9,1.15750E+02,-3.17200E+01,9.94522E-02,1.62056E+00
qd67cfws,1.15750E+02,-3.16700E+01,7.79528E-02,1.57341E+00
qd67cuqx,1.15750E+02,-3.16600E+01,7.51152E-02,1.60829E+00
qd4qdnvc,1.15760E+02,-3.25700E+01,2.11682E-02,1.59642E+00
qd4qfhmb,1.15760E+02,-3.25400E+01,2.39244E-02,1.62790E+00
qd4qfpvv,1.15760E+02,-3.25200E+01,2.56646E-02,1.61579E+00
qd4r41tz,1.15760E+02,-3.25100E+01,2.50671E-02,1.62564E+00
qd4r45tc,1.15760E+02,-3.25000E+01,2.49599E-02,1.55118E+00
qd4r4pjy,1.15760E+02,-3.24800E+01,2.70421E-02,1.53644E+00
qd4r61jb,1.15760E+02,-3.24700E+01,2.88686E-02,1.55969E+00
qd4r64vf,1.15760E+02,-3.24600E+01,3.02314E-02,1.51742E+00
qd4r6htv,1.15760E+02,-3.24500E+01,3.10704E-02,1.58848E+00
qd4r6nmz,1.15760E+02,-3.24400E+01,3.40047E-02,1.56364E+00
qd4rd4jg,1.15760E+02,-3.24200E+01,3.37885E-02,1.60941E+00
qd4rd5vy,1.15760E+02,-3.24100E+01,3.43973E-02,1.61002E+00
qd4rdjvb,1.15760E+02,-3.24000E+01,3.22244E-02,1.53945E+00
qd4rdptf,1.15760E+02,-3.23900E+01,3.77404E-02,1.55605E+00
qd4rf5jz,1.15760E+02,-3.23700E+01,4.14223E-02,1.57989E+00
qd4rfnvg,1.15760E+02,-3.23500E+01,4.21754E-02,1.56590E+00
qd6240tv,1.15760E+02,-3.23400E+01,3.99856E-02,1.55360E+00
qd6244tb,1.15760E+02,-3.23300E+01,4.66016E-02,1.55251E+00
qd624hmf,1.15760E+02,-3.23200E+01,4.73765E-02,1.58516E+00
qd624pvy,1.15760E+02,-3.23000E+01,5.00635E-02,1.54925E+00
qd6265tg,1.15760E+02,-3.22800E+01,5.31395E-02,1.58429E+00
qd62d1jf,1.15760E+02,-3.22500E+01,6.43221E-02,1.59228E+00
qd634jjf,1.15760E+02,-3.21400E+01,1.02976E-01,1.53507E+00
qd634nvv,1.15760E+02,-3.21300E+01,1.14288E-01,1.58871E+00
qd6360tz,1.15760E+02,-3.21200E+01,1.14415E-01,1.57780E+00
qd6364tc,1.15760E+02,-3.21100E+01,1.10114E-01,1.55689E+00
qd636hmg,1.15760E+02,-3.21000E+01,1.17287E-01,1.57125E+00
qd636njy,1.15760E+02,-3.20900E+01,1.17059E-01,1.54656E+00
qd63d0jb,1.15760E+02,-3.20800E+01,1.24036E-01,1.59575E+00
qd63d1vf,1.15760E+02,-3.20700E+01,1.38508E-01,1.57380E+00
qd63d5tu,1.15760E+02,-3.20600E+01,1.44882E-01,1.61541E+00
qd63djmz,1.15760E+02,-3.20500E+01,1.45184E-01,1.52235E+00
qd63dpmc,1.15760E+02,-3.20400E+01,1.28184E-01,1.56219E+00
qd63f1jg,1.15760E+02,-3.20300E+01,1.47234E-01,1.57209E+00
qd63f4vv,1.15760E+02,-3.20200E+01,1.47945E-01,1.51277E+00
qd63fhvb,1.15760E+02,-3.20100E+01,1.52590E-01,1.59863E+00
qd63fntf,1.15760E+02,-3.20000E+01,1.45273E-01,1.60627E+00
qd6640mu,1.15760E+02,-3.19900E+01,1.50339E-01,1.57795E+00
qd6644jy,1.15760E+02,-3.19800E+01,1.49335E-01,1.57183E+00
qd664hjc,1.15760E+02,-3.19700E+01,1.57832E-01,1.57091E+00
qd664ptv,1.15760E+02,-3.19500E+01,1.51422E-01,1.54394E+00
qd6661tb,1.15760E+02,-3.19400E+01,1.43768E-01,1.56162E+00
qd6665mf,1.15760E+02,-3.19300E+01,1.34956E-01,1.56426E+00
qd666nvy,1.15760E+02,-3.19100E+01,1.46883E-01,1.63549E+00
qd66d0vc,1.15760E+02,-3.19000E+01,1.50760E-01,1.59593E+00
qd66d4tg,1.15760E+02,-3.18900E+01,1.50643E-01,1.56729E+00
qd66dhmv,1.15760E+02,-3.18800E+01,1.53565E-01,1.57791E+00
qd66dnjz,1.15760E+02,-3.18700E+01,1.36627E-01,1.51268E+00
qd66f0jf,1.15760E+02,-3.18600E+01,1.47341E-01,1.58397E+00
qd66f5ty,1.15760E+02,-3.18400E+01,1.43909E-01,1.61736E+00
qd66fjtb,1.15760E+02,-3.18300E+01,1.41330E-01,1.58374E+00
qd6741jv,1.15760E+02,-3.18100E+01,1.43715E-01,1.55762E+00
qd6744vz,1.15760E+02,-3.18000E+01,1.37390E-01,1.55881E+00
qd674hvc,1.15760E+02,-3.17900E+01,1.37267E-01,1.52180E+00
qd674ntu,1.15760E+02,-3.17800E+01,1.21235E-01,1.58106E+00
qd6760my,1.15760E+02,-3.17700E+01,1.20159E-01,1.51627E+00
qd6764mb,1.15760E+02,-3.17600E+01,1.26417E-01,1.58651E+00
qd676hjf,1.15760E+02,-3.17500E+01,1.18263E-01,1.51302E+00
qd676jvv,1.15760E+02,-3.17400E+01,1.09203E-01,1.56835E+00
qd676ptz,1.15760E+02,-3.17300E+01,1.01221E-01,1.59348E+00
qd67d1tc,1.15760E+02,-3.17200E+01,1.04655E-01,1.59556E+00
qd4qdkvp,1.15770E+02,-3.25800E+01,2.27313E-02,1.51452E+00
qd4qfqj5,1.15770E+02,-3.25300E+01,2.54042E-02,1.62093E+00
qd4qfrvj,1.15770E+02,-3.25200E+01,2.48947E-02,1.56086E+00
qd4r43tp,1.15770E+02,-3.25100E+01,2.75843E-02,1.55526E+00
qd4r4rjn,1.15770E+02,-3.24800E+01,2.69745E-02,1.54642E+00
qd4r63j0,1.15770E+02,-3.24700E+01,3.05180E-02,1.55884E+00
qd4r6ktj,1.15770E+02,-3.24500E+01,3.25859E-02,1.55966E+00
qd4r6qmp,1.15770E+02,-3.24400E+01,3.20323E-02,1.61398E+00
qd4rd2m1,1.15770E+02,-3.24300E+01,3.54455E-02,1.56508E+00
qd4rd7vn,1.15770E+02,-3.24100E+01,3.61956E-02,1.61190E+00
qd4rdmv0,1.15770E+02,-3.24000E+01,3.54244E-02,1.59951E+00
qd4rf3mh,1.15770E+02,-3.23800E+01,4.22448E-02,1.53959E+00
qd4rfqv5,1.15770E+02,-3.23500E+01,4.60145E-02,1.54711E+00
qd6242tj,1.15770E+02,-3.23400E+01,4.11226E-02,1.53256E+00
qd6246t0,1.15770E+02,-3.23300E+01,4.71298E-02,1.52369E+00
qd624km4,1.15770E+02,-3.23200E+01,4.71825E-02,1.61990E+00
qd6263v1,1.15770E+02,-3.22900E+01,5.18438E-02,1.57378E+00
qd6267t5,1.15770E+02,-3.22800E+01,5.40564E-02,1.51984E+00
qd62dktn,1.15770E+02,-3.22300E+01,7.43122E-02,1.59737E+00
qd62dqt0,1.15770E+02,-3.22200E+01,7.28997E-02,1.54137E+00
qd62frth,1.15770E+02,-3.21700E+01,9.07821E-02,1.59008E+00
qd6343mn,1.15770E+02,-3.21600E+01,9.79483E-02,1.60911E+00
qd6347m0,1.15770E+02,-3.21500E+01,9.68979E-02,1.59485E+00
qd634mj4,1.15770E+02,-3.21400E+01,1.08043E-01,1.52670E+00
qd634qvj,1.15770E+02,-3.21300E+01,1.11806E-01,1.59462E+00
qd6362tp,1.15770E+02,-3.21200E+01,1.11471E-01,1.63310E+00
qd6366t1,1.15770E+02,-3.21100E+01,1.15568E-01,1.59435E+00
qd636km5,1.15770E+02,-3.21000E+01,1.29449E-01,1.56903E+00
qd636qjn,1.15770E+02,-3.20900E+01,1.28649E-01,1.60977E+00
qd63d2j0,1.15770E+02,-3.20800E+01,1.29691E-01,1.53645E+00
qd63d3v4,1.15770E+02,-3.20700E+01,1.36212E-01,1.50120E+00
qd63d7th,1.15770E+02,-3.20600E+01,1.36342E-01,1.60395E+00
qd63dmmp,1.15770E+02,-3.20500E+01,1.43396E-01,1.59403E+00
qd63drm1,1.15770E+02,-3.20400E+01,1.56801E-01,1.53055E+00
qd63f3j5,1.15770E+02,-3.20300E+01,1.54319E-01,1.61617E+00
qd63f6vj,1.15770E+02,-3.20200E+01,1.57751E-01,1.53051E+00
qd63fkv0,1.15770E+02,-3.20100E+01,1.50339E-01,1.61182E+00
qd63fqt4,1.15770E+02,-3.20000E+01,1.57756E-01,1.53943E+00
qd6642mh,1.15770E+02,-3.19900E+01,1.63481E-01,1.54285E+00
qd6646jn,1.15770E+02,-3.19800E+01,1.69018E-01,1.52801E+00
qd664kj1,1.15770E+02,-3.19700E+01,1.53059E-01,1.54160E+00
qd664mv5,1.15770E+02,-3.19600E+01,1.44488E-01,1.57495E+00
qd666qvn,1.15770E+02,-3.19100E+01,1.77566E-01,1.54533E+00
qd66d2v1,1.15770E+02,-3.19000E+01,1.64847E-01,1.57302E+00
qd66d6t5,1.15770E+02,-3.18900E+01,1.50377E-01,1.52544E+00
qd66dkmj,1.15770E+02,-3.18800E+01,1.66546E-01,1.60044E+00
qd66f2j4,1.15770E+02,-3.18600E+01,1.62564E-01,1.57642E+00
qd66f3vh,1.15770E+02,-3.18500E+01,1.50029E-01,1.52160E+00
qd66f7tn,1.15770E+02,-3.18400E+01,1.57314E-01,1.57803E+00
qd66fmt0,1.15770E+02,-3.18300E+01,1.46459E-01,1.51877E+00
qd66frm5,1.15770E+02,-3.18200E+01,1.50408E-01,1.53283E+00
qd6743jj,1.15770E+02,-3.18100E+01,1.46561E-01,1.59111E+00
qd6746vp,1.15770E+02,-3.18000E+01,1.30496E-01,1.54742E+00
qd674kv1,1.15770E+02,-3.17900E+01,1.47330E-01,1.59427E+00
qd674qth,1.15770E+02,-3.17800E+01,1.45891E-01,1.55175E+00
qd6762mn,1.15770E+02,-3.17700E+01,1.22694E-01,1.59020E+00
qd6766m0,1.15770E+02,-3.17600E+01,1.22830E-01,1.51912E+00
qd676kj4,1.15770E+02,-3.17500E+01,1.26485E-01,1.63328E+00
qd676mvj,1.15770E+02,-3.17400E+01,1.18958E-01,1.60804E+00
qd676rtp,1.15770E+02,-3.17300E+01,1.09073E-01,1.58235E+00
qd67d3t1,1.15770E+02,-3.17200E+01,1.09769E-01,1.56713E+00
qd4qdsur,1.15780E+02,-3.25800E+01,2.21946E-02,1.60934E+00
qd4qfsk2,1.15780E+02,-3.25400E+01,2.42328E-02,1.62787E+00
qd4r69h2,1.15780E+02,-3.24700E+01,3.13618E-02,1.57717E+00
qd4rdxs6,1.15780E+02,-3.23900E+01,3.99043E-02,1.54434E+00
qd4rf9kk,1.15780E+02,-3.23800E+01,3.93569E-02,1.63690E+00
qd626xhr,1.15780E+02,-3.22600E+01,6.19718E-02,1.56879E+00
qd62dduk,1.15780E+02,-3.22400E+01,7.15029E-02,1.53509E+00
qd62dws2,1.15780E+02,-3.22200E+01,7.54408E-02,1.54562E+00
qd62feur,1.15780E+02,-3.21900E+01,8.39424E-02,1.62841E+00
qd62ftu3,1.15780E+02,-3.21800E+01,8.65742E-02,1.59914E+00
qd62fxsk,1.15780E+02,-3.21700E+01,9.03918E-02,1.54987E+00
qd6349kq,1.15780E+02,-3.21600E+01,9.56789E-02,1.53786E+00
qd634ek2,1.15780E+02,-3.21500E+01,9.92496E-02,1.54853E+00
qd634th6,1.15780E+02,-3.21400E+01,9.59785E-02,1.56216E+00
qd634wum,1.15780E+02,-3.21300E+01,1.13861E-01,1.57232E+00
qd6368sr,1.15780E+02,-3.21200E+01,1.13063E-01,1.61450E+00
qd636ds3,1.15780E+02,-3.21100E+01,1.21457E-01,1.62505E+00
qd636sk7,1.15780E+02,-3.21000E+01,1.35546E-01,1.58389E+00
qd636whq,1.15780E+02,-3.20900E+01,1.39570E-01,1.49128E+00
qd63d8h2,1.15780E+02,-3.20800E+01,1.36158E-01,1.58854E+00
qd63d9u6,1.15780E+02,-3.20700E+01,1.42279E-01,1.57080E+00
qd63desk,1.15780E+02,-3.20600E+01,1.51577E-01,1.53483E+00
qd63dtkr,1.15780E+02,-3.20500E+01,1.60554E-01,1.50185E+00
qd63dxk3,1.15780E+02,-3.20400E+01,1.50411E-01,1.57555E+00
qd63f9h7,1.15780E+02,-3.20300E+01,1.65166E-01,1.58405E+00
qd63fdum,1.15780E+02,-3.20200E+01,1.63041E-01,1.56846E+00
qd63fsu2,1.15780E+02,-3.20100E+01,1.73431E-01,1.60595E+00
qd6648kk,1.15780E+02,-3.19900E+01,1.56994E-01,1.57729E+00
qd664dhq,1.15780E+02,-3.19800E+01,1.70925E-01,1.57300E+00
qd664sh3,1.15780E+02,-3.19700E+01,1.64862E-01,1.60231E+00
qd664tu7,1.15780E+02,-3.19600E+01,1.57944E-01,1.57148E+00
qd664xsm,1.15780E+02,-3.19500E+01,1.61955E-01,1.60033E+00
qd6669s2,1.15780E+02,-3.19400E+01,1.62535E-01,1.54489E+00
qd666ek6,1.15780E+02,-3.19300E+01,1.64680E-01,1.54921E+00
qd66d8u3,1.15780E+02,-3.19000E+01,1.53792E-01,1.58000E+00
qd66dds7,1.15780E+02,-3.18900E+01,1.54808E-01,1.59501E+00
qd66dskm,1.15780E+02,-3.18800E+01,1.63910E-01,1.58040E+00
qd66dwhr,1.15780E+02,-3.18700E+01,1.66992E-01,1.54670E+00
qd66f8h6,1.15780E+02,-3.18600E+01,1.53356E-01,1.60609E+00
qd66f9uk,1.15780E+02,-3.18500E+01,1.62208E-01,1.58792E+00
qd66fesq,1.15780E+02,-3.18400E+01,1.63554E-01,1.58010E+00
qd66fts2,1.15780E+02,-3.18300E+01,1.61775E-01,1.57959E+00
qd66fxk7,1.15780E+02,-3.18200E+01,1.57061E-01,1.64260E+00
qd674dur,1.15780E+02,-3.18000E+01,1.47254E-01,1.56239E+00
qd674su3,1.15780E+02,-3.17900E+01,1.38057E-01,1.55194E+00
qd674wsk,1.15780E+02,-3.17800E+01,1.36521E-01,1.58089E+00
qd6768kq,1.15780E+02,-3.17700E+01,1.36374E-01,1.63031E+00
qd676dk2,1.15780E+02,-3.17600E+01,1.21141E-01,1.57594E+00
qd676sh6,1.15780E+02,-3.17500E+01,1.31129E-01,1.57376E+00
qd67d9s3,1.15780E+02,-3.17200E+01,9.74730E-02,1.53958E+00
qd67dthq,1.15780E+02,-3.17000E+01,1.05624E-01,1.49441E+00
qd67dxh2,1.15780E+02,-3.16900E+01,9.52202E-02,1.57429E+00
qd67f8u6,1.15780E+02,-3.16800E+01,8.61235E-02,1.54350E+00
qd4qdg5t,1.15790E+02,-3.25900E+01,2.23566E-02,1.60528E+00
qd4qdugx,1.15790E+02,-3.25800E+01,2.22327E-02,1.57431E+00
qd4qfu78,1.15790E+02,-3.25400E+01,2.59429E-02,1.54560E+00
qd4qfy5e,1.15790E+02,-3.25300E+01,2.61612E-02,1.57441E+00
qd4rfyge,1.15790E+02,-3.23500E+01,4.43099E-02,1.58581E+00
qd624bet,1.15790E+02,-3.23400E+01,4.31252E-02,1.63980E+00
qd62dye8,1.15790E+02,-3.22200E+01,7.32265E-02,1.56424E+00
qd62fb7e,1.15790E+02,-3.22100E+01,8.48638E-02,1.58539E+00
qd62ff5t,1.15790E+02,-3.22000E+01,8.44512E-02,1.61825E+00
qd62fggx,1.15790E+02,-3.21900E+01,8.13625E-02,1.61985E+00
qd62fzes,1.15790E+02,-3.21700E+01,9.35187E-02,1.54740E+00
qd634g78,1.15790E+02,-3.21500E+01,1.13551E-01,1.54569E+00
qd634v5d,1.15790E+02,-3.21400E+01,1.18567E-01,1.51648E+00
qd634ygt,1.15790E+02,-3.21300E+01,1.11614E-01,1.60757E+00
qd636fe9,1.15790E+02,-3.21100E+01,1.25156E-01,1.59690E+00
qd636y5w,1.15790E+02,-3.20900E+01,1.31540E-01,1.58694E+00
qd63db58,1.15790E+02,-3.20800E+01,1.50970E-01,1.51812E+00
qd63dcgd,1.15790E+02,-3.20700E+01,1.49063E-01,1.57275E+00
qd63dges,1.15790E+02,-3.20600E+01,1.56400E-01,1.53503E+00
qd63dv7x,1.15790E+02,-3.20500E+01,1.62411E-01,1.52387E+00
qd63dz79,1.15790E+02,-3.20400E+01,1.63958E-01,1.54163E+00
qd63fc5e,1.15790E+02,-3.20300E+01,1.66061E-01,1.59539E+00
qd63ffgt,1.15790E+02,-3.20200E+01,1.90566E-01,1.55190E+00
qd63fug8,1.15790E+02,-3.20100E+01,1.86905E-01,1.54699E+00
qd63fyed,1.15790E+02,-3.20000E+01,1.82792E-01,1.60661E+00
qd664b7s,1.15790E+02,-3.19900E+01,1.67480E-01,1.56740E+00
qd664f5w,1.15790E+02,-3.19800E+01,1.72002E-01,1.55851E+00
qd664u59,1.15790E+02,-3.19700E+01,1.72387E-01,1.57221E+00
qd664vge,1.15790E+02,-3.19600E+01,1.77200E-01,1.50740E+00
qd664zet,1.15790E+02,-3.19500E+01,1.86698E-01,1.63607E+00
qd666ce8,1.15790E+02,-3.19400E+01,1.86541E-01,1.55350E+00
qd666v5s,1.15790E+02,-3.19200E+01,1.62818E-01,1.52592E+00
qd666ygw,1.15790E+02,-3.19100E+01,1.75940E-01,1.58100E+00
qd66dbg9,1.15790E+02,-3.19000E+01,1.80549E-01,1.46426E+00
qd66dfee,1.15790E+02,-3.18900E+01,1.80223E-01,1.60239E+00
qd66du7t,1.15790E+02,-3.18800E+01,1.70710E-01,1.54439E+00
qd66fb5d,1.15790E+02,-3.18600E+01,1.57635E-01,1.57485E+00
qd66fcgs,1.15790E+02,-3.18500E+01,1.76729E-01,1.56707E+00
qd66fgew,1.15790E+02,-3.18400E+01,1.74590E-01,1.54547E+00
qd674c5t,1.15790E+02,-3.18100E+01,1.59387E-01,1.64510E+00
qd674fgx,1.15790E+02,-3.18000E+01,1.53419E-01,1.55402E+00
qd674ug9,1.15790E+02,-3.17900E+01,1.57573E-01,1.51781E+00
qd674yes,1.15790E+02,-3.17800E+01,1.54577E-01,1.57946E+00
qd676b7w,1.15790E+02,-3.17700E+01,1.29653E-01,1.52125E+00
qd676u5d,1.15790E+02,-3.17500E+01,1.20696E-01,1.53558E+00
qd67dce9,1.15790E+02,-3.17200E+01,1.14652E-01,1.60439E+00
qd67dg7e,1.15790E+02,-3.17100E+01,1.07130E-01,1.56662E+00
qd67dv5w,1.15790E+02,-3.17000E+01,9.91248E-02,1.54745E+00
qd67dz58,1.15790E+02,-3.16900E+01,9.58022E-02,1.59990E+00
qd67fbgd,1.15790E+02,-3.16800E+01,9.80643E-02,1.64264E+00
qd4qe54v,1.15800E+02,-3.25900E+01,2.12336E-02,1.53405E+00
qd4rgj4c,1.15800E+02,-3.23600E+01,4.61716E-02,1.61011E+00
qd6250dv,1.15800E+02,-3.23400E+01,4.84715E-02,1.56832E+00
qd627j6v,1.15800E+02,-3.22700E+01,6.17932E-02,1.49484E+00
qd627p4z,1.15800E+02,-3.22600E+01,6.56237E-02,1.59112E+00
qd62ehdy,1.15800E+02,-3.22300E+01,7.28391E-02,1.56923E+00
qd62gjfc,1.15800E+02,-3.21800E+01,9.00997E-02,1.67028E+00
qd63516y,1.15800E+02,-3.21600E+01,9.54914E-02,1.49920E+00
qd635nfv,1.15800E+02,-3.21300E+01,1.17730E-01,1.57542E+00
qd6374dc,1.15800E+02,-3.21100E+01,1.40214E-01,1.58680E+00
qd637h6g,1.15800E+02,-3.21000E+01,1.35599E-01,1.59201E+00
qd637n4y,1.15800E+02,-3.20900E+01,1.54862E-01,1.53700E+00
qd63e04b,1.15800E+02,-3.20800E+01,1.47459E-01,1.56654E+00
qd63e1ff,1.15800E+02,-3.20700E+01,1.66058E-01,1.53749E+00
qd63e5du,1.15800E+02,-3.20600E+01,1.77113E-01,1.55689E+00
qd63ej6z,1.15800E+02,-3.20500E+01,1.77454E-01,1.60165E+00
qd63ep6c,1.15800E+02,-3.20400E+01,1.75456E-01,1.63888E+00
qd63g14g,1.15800E+02,-3.20300E+01,1.62520E-01,1.61649E+00
qd63g4fv,1.15800E+02,-3.20200E+01,1.80771E-01,1.60320E+00
qd63gndf,1.15800E+02,-3.20000E+01,2.04938E-01,1.55959E+00
qd66544y,1.15800E+02,-3.19800E+01,1.84356E-01,1.62178E+00
qd665h4c,1.15800E+02,-3.19700E+01,1.88634E-01,1.56615E+00
qd665jfg,1.15800E+02,-3.19600E+01,1.86751E-01,1.58337E+00
qd665pdv,1.15800E+02,-3.19500E+01,1.97346E-01,1.56972E+00
qd6671db,1.15800E+02,-3.19400E+01,1.89159E-01,1.55797E+00
qd66756f,1.15800E+02,-3.19300E+01,1.87812E-01,1.61628E+00
qd667j4u,1.15800E+02,-3.19200E+01,1.71733E-01,1.52192E+00
qd667nfy,1.15800E+02,-3.19100E+01,1.81423E-01,1.54361E+00
qd66e0fc,1.15800E+02,-3.19000E+01,1.81428E-01,1.58157E+00
qd66e4dg,1.15800E+02,-3.18900E+01,1.75391E-01,1.56052E+00
qd66en4z,1.15800E+02,-3.18700E+01,1.80935E-01,1.61912E+00
qd66g5dy,1.15800E+02,-3.18400E+01,1.80618E-01,1.54171E+00
qd66gp6g,1.15800E+02,-3.18200E+01,1.77767E-01,1.58866E+00
qd67514v,1.15800E+02,-3.18100E+01,1.69510E-01,1.62108E+00
qd6754fz,1.15800E+02,-3.18000E+01,1.61986E-01,1.59859E+00
qd675hfc,1.15800E+02,-3.17900E+01,1.73245E-01,1.61132E+00
qd675ndu,1.15800E+02,-3.17800E+01,1.49835E-01,1.58591E+00
qd67746b,1.15800E+02,-3.17600E+01,1.40652E-01,1.56899E+00
qd677h4f,1.15800E+02,-3.17500E+01,1.36483E-01,1.60881E+00
qd677jfv,1.15800E+02,-3.17400E+01,1.27698E-01,1.64660E+00
qd67e1dc,1.15800E+02,-3.17200E+01,1.14297E-01,1.55662E+00
qd67e56g,1.15800E+02,-3.17100E+01,1.15435E-01,1.59255E+00
qd67ej4y,1.15800E+02,-3.17000E+01,1.10725E-01,1.57829E+00
qd67ep4b,1.15800E+02,-3.16900E+01,9.85384E-02,1.52683E+00
qd67gh6z,1.15800E+02,-3.16600E+01,9.40081E-02,1.58664E+00
qd4qe367,1.15810E+02,-3.26000E+01,2.09024E-02,1.60720E+00
qd4qe74m,1.15810E+02,-3.25900E+01,2.24075E-02,1.54815E+00
qd4qekfr,1.15810E+02,-3.25800E+01,2.32313E-02,1.57770E+00
qd4rgqf7,1.15810E+02,-3.23500E+01,4.35477E-02,1.60829E+00
qd6252dm,1.15810E+02,-3.23400E+01,4.47449E-02,1.57970E+00
qd6256d2,1.15810E+02,-3.23300E+01,4.33430E-02,1.54214E+00
qd625k66,1.15810E+02,-3.23200E+01,4.98058E-02,1.56620E+00
qd625q4k,1.15810E+02,-3.23100E+01,5.08068E-02,1.51651E+00
qd625rfq,1.15810E+02,-3.23000E+01,5.53455E-02,1.53988E+00
qd627m6m,1.15810E+02,-3.22700E+01,6.15169E-02,1.60675E+00
qd627r4r,1.15810E+02,-3.22600E+01,6.30273E-02,1.60355E+00
qd62e346,1.15810E+02,-3.22500E+01,6.71454E-02,1.57501E+00
qd62e6fk,1.15810E+02,-3.22400E+01,6.85578E-02,1.54622E+00
qd62eqd2,1.15810E+02,-3.22200E+01,7.66632E-02,1.53797E+00
qd635762,1.15810E+02,-3.21500E+01,1.14805E-01,1.51765E+00
qd635m46,1.15810E+02,-3.21400E+01,1.09374E-01,1.52649E+00
qd635qfm,1.15810E+02,-3.21300E+01,1.22386E-01,1.52964E+00
qd6372dr,1.15810E+02,-3.21200E+01,1.32410E-01,1.56509E+00
qd6376d3,1.15810E+02,-3.21100E+01,1.39577E-01,1.55660E+00
qd637k67,1.15810E+02,-3.21000E+01,1.44988E-01,1.56586E+00
qd637q4q,1.15810E+02,-3.20900E+01,1.47020E-01,1.55243E+00
qd63e242,1.15810E+02,-3.20800E+01,1.50798E-01,1.58322E+00
qd63e3f6,1.15810E+02,-3.20700E+01,1.72888E-01,1.57952E+00
qd63e7dk,1.15810E+02,-3.20600E+01,1.59090E-01,1.51099E+00
qd63em6r,1.15810E+02,-3.20500E+01,1.61323E-01,1.59440E+00
qd63er63,1.15810E+02,-3.20400E+01,1.87636E-01,1.52061E+00
qd63g347,1.15810E+02,-3.20300E+01,1.80801E-01,1.60008E+00
qd63g6fm,1.15810E+02,-3.20200E+01,1.85817E-01,1.53630E+00
qd63gqd6,1.15810E+02,-3.20000E+01,1.83448E-01,1.57015E+00
qd66526k,1.15810E+02,-3.19900E+01,1.99009E-01,1.59482E+00
qd66564q,1.15810E+02,-3.19800E+01,2.06879E-01,1.57914E+00
qd665k43,1.15810E+02,-3.19700E+01,1.98593E-01,1.53513E+00
qd665mf7,1.15810E+02,-3.19600E+01,1.97007E-01,1.57865E+00
qd665rdm,1.15810E+02,-3.19500E+01,2.01511E-01,1.59625E+00
qd6673d2,1.15810E+02,-3.19400E+01,1.98820E-01,1.59058E+00
qd667766,1.15810E+02,-3.19300E+01,1.93524E-01,1.57174E+00
qd667m4k,1.15810E+02,-3.19200E+01,1.90727E-01,1.64467E+00
qd667qfq,1.15810E+02,-3.19100E+01,1.99255E-01,1.60697E+00
qd66e2f3,1.15810E+02,-3.19000E+01,2.09819E-01,1.59858E+00
qd66e6d7,1.15810E+02,-3.18900E+01,1.86099E-01,1.59294E+00
qd66ek6m,1.15810E+02,-3.18800E+01,2.02599E-01,1.54859E+00
qd66eq4r,1.15810E+02,-3.18700E+01,1.88398E-01,1.56634E+00
qd66g246,1.15810E+02,-3.18600E+01,1.97491E-01,1.57927E+00
qd66g3fk,1.15810E+02,-3.18500E+01,1.93708E-01,1.53853E+00
qd66g7dq,1.15810E+02,-3.18400E+01,1.85397E-01,1.59890E+00
qd675kf3,1.15810E+02,-3.17900E+01,1.66547E-01,1.57268E+00
qd675qdk,1.15810E+02,-3.17800E+01,1.51723E-01,1.56381E+00
qd67726q,1.15810E+02,-3.17700E+01,1.48339E-01,1.54534E+00
qd677k46,1.15810E+02,-3.17500E+01,1.37269E-01,1.51499E+00
qd677mfm,1.15810E+02,-3.17400E+01,1.34570E-01,1.59381E+00
qd67em4q,1.15810E+02,-3.17000E+01,1.05580E-01,1.58531E+00
qd67er42,1.15810E+02,-3.16900E+01,1.06705E-01,1.58925E+00
qd67g2f6,1.15810E+02,-3.16800E+01,1.01351E-01,1.62315E+00
qd67g6dk,1.15810E+02,-3.16700E+01,1.02573E-01,1.54331E+00
qd625d98,1.15820E+02,-3.23300E+01,4.91160E-02,1.57462E+00
qd625w1s,1.15820E+02,-3.23100E+01,5.46683E-02,1.56096E+00
qd627e9e,1.15820E+02,-3.22800E+01,5.81408E-02,1.57040E+00
qd627t3t,1.15820E+02,-3.22700E+01,6.67164E-02,1.58329E+00
qd627x1x,1.15820E+02,-3.22600E+01,6.44651E-02,1.57861E+00
qd62e91d,1.15820E+02,-3.22500E+01,6.77909E-02,1.54615E+00
qd62edcs,1.15820E+02,-3.22400E+01,7.09419E-02,1.53714E+00
qd62es9w,1.15820E+02,-3.22300E+01,7.33734E-02,1.58372E+00
qd62gecx,1.15820E+02,-3.21900E+01,9.19753E-02,1.61238E+00
qd62gtc9,1.15820E+02,-3.21800E+01,9.11273E-02,1.55845E+00
qd63593w,1.15820E+02,-3.21600E+01,1.07228E-01,1.59619E+00
qd635e38,1.15820E+02,-3.21500E+01,1.07815E-01,1.55100E+00
qd635wct,1.15820E+02,-3.21300E+01,1.33717E-01,1.55586E+00
qd637s3e,1.15820E+02,-3.21000E+01,1.46378E-01,1.58265E+00
qd637w1w,1.15820E+02,-3.20900E+01,1.57239E-01,1.52235E+00
qd63e818,1.15820E+02,-3.20800E+01,1.71523E-01,1.54952E+00
qd63e9cd,1.15820E+02,-3.20700E+01,1.82268E-01,1.58219E+00
qd63ee9s,1.15820E+02,-3.20600E+01,1.72992E-01,1.55860E+00
qd63et3x,1.15820E+02,-3.20500E+01,1.86901E-01,1.50903E+00
qd63ex39,1.15820E+02,-3.20400E+01,1.90786E-01,1.55247E+00
qd63g91e,1.15820E+02,-3.20300E+01,2.04453E-01,1.53363E+00
qd66583s,1.15820E+02,-3.19900E+01,2.13214E-01,1.61083E+00
qd665d1w,1.15820E+02,-3.19800E+01,1.98688E-01,1.52606E+00
qd665s19,1.15820E+02,-3.19700E+01,1.98052E-01,1.51164E+00
qd665tce,1.15820E+02,-3.19600E+01,2.07395E-01,1.55927E+00
qd665x9t,1.15820E+02,-3.19500E+01,1.86387E-01,1.49277E+00
qd667998,1.15820E+02,-3.19400E+01,1.96680E-01,1.52953E+00
qd667e3d,1.15820E+02,-3.19300E+01,1.90565E-01,1.60957E+00
qd667t1s,1.15820E+02,-3.19200E+01,1.83135E-01,1.49402E+00
qd667wcw,1.15820E+02,-3.19100E+01,2.09071E-01,1.60750E+00
qd66e8c9,1.15820E+02,-3.19000E+01,2.16585E-01,1.63409E+00
qd66ed9e,1.15820E+02,-3.18900E+01,1.99670E-01,1.55552E+00
qd66ew1x,1.15820E+02,-3.18700E+01,2.09514E-01,1.57453E+00
qd66g81d,1.15820E+02,-3.18600E+01,1.93120E-01,1.59436E+00
qd66ge9w,1.15820E+02,-3.18400E+01,1.92951E-01,1.55630E+00
qd66gx3e,1.15820E+02,-3.18200E+01,1.93636E-01,1.61894E+00
qd67591t,1.15820E+02,-3.18100E+01,1.97023E-01,1.50310E+00
qd675dcx,1.15820E+02,-3.18000E+01,1.71828E-01,1.56608E+00
qd675sc9,1.15820E+02,-3.17900E+01,1.92709E-01,1.49100E+00
qd675w9s,1.15820E+02,-3.17800E+01,1.75392E-01,1.58551E+00
qd67783w,1.15820E+02,-3.17700E+01,1.56282E-01,1.55003E+00
qd677d38,1.15820E+02,-3.17600E+01,1.64788E-01,1.50569E+00
qd4qeg0v,1.15830E+02,-3.25900E+01,2.29527E-02,1.59622E+00
qd625b8v,1.15830E+02,-3.23400E+01,4.69723E-02,1.56029E+00
qd625f8b,1.15830E+02,-3.23300E+01,4.78874E-02,1.66180E+00
qd625y0u,1.15830E+02,-3.23100E+01,5.67941E-02,1.57388E+00
qd627v2v,1.15830E+02,-3.22700E+01,6.66322E-02,1.50070E+00
qd627z0z,1.15830E+02,-3.22600E+01,6.89664E-02,1.54625E+00
qd62ec0f,1.15830E+02,-3.22500E+01,7.09479E-02,1.56118E+00
qd62efbu,1.15830E+02,-3.22400E+01,7.14567E-02,1.58561E+00
qd62gvbc,1.15830E+02,-3.21800E+01,1.05105E-01,1.57609E+00
qd62gz8u,1.15830E+02,-3.21700E+01,1.04911E-01,1.62467E+00
qd637f8c,1.15830E+02,-3.21100E+01,1.37896E-01,1.59624E+00
qd637y0y,1.15830E+02,-3.20900E+01,1.73453E-01,1.50229E+00
qd63eb0b,1.15830E+02,-3.20800E+01,1.79060E-01,1.53827E+00
qd63ecbf,1.15830E+02,-3.20700E+01,1.98161E-01,1.58420E+00
qd63eg8u,1.15830E+02,-3.20600E+01,1.93988E-01,1.57402E+00
qd63ev2z,1.15830E+02,-3.20500E+01,1.87766E-01,1.56320E+00
qd63ez2c,1.15830E+02,-3.20400E+01,2.01657E-01,1.54982E+00
qd63gc0g,1.15830E+02,-3.20300E+01,2.12258E-01,1.56646E+00
qd63gfbv,1.15830E+02,-3.20200E+01,2.02280E-01,1.56342E+00
qd63gubb,1.15830E+02,-3.20100E+01,2.29421E-01,1.51840E+00
qd665b2u,1.15830E+02,-3.19900E+01,2.14243E-01,1.54219E+00
qd665u0c,1.15830E+02,-3.19700E+01,2.18558E-01,1.60727E+00
qd665vbg,1.15830E+02,-3.19600E+01,2.26988E-01,1.58363E+00
qd665z8v,1.15830E+02,-3.19500E+01,2.31740E-01,1.53721E+00
qd667c8b,1.15830E+02,-3.19400E+01,2.35935E-01,1.59853E+00
qd667g2f,1.15830E+02,-3.19300E+01,2.16251E-01,1.57651E+00
qd667yby,1.15830E+02,-3.19100E+01,2.07704E-01,1.58350E+00
qd66ebbc,1.15830E+02,-3.19000E+01,2.08337E-01,1.63722E+00
qd66ef8g,1.15830E+02,-3.18900E+01,2.06224E-01,1.59054E+00
qd66eu2v,1.15830E+02,-3.18800E+01,2.14523E-01,1.57208E+00
qd66ey0z,1.15830E+02,-3.18700E+01,2.22814E-01,1.57743E+00
qd66gb0f,1.15830E+02,-3.18600E+01,2.08905E-01,1.62208E+00
qd66gcbu,1.15830E+02,-3.18500E+01,2.18552E-01,1.59143E+00
qd66gg8y,1.15830E+02,-3.18400E+01,2.10352E-01,1.53656E+00
qd66gv8b,1.15830E+02,-3.18300E+01,1.97366E-01,1.60620E+00
qd66gz2g,1.15830E+02,-3.18200E+01,1.84008E-01,1.51279E+00
qd675c0v,1.15830E+02,-3.18100E+01,2.11044E-01,1.48877E+00
qd675ubc,1.15830E+02,-3.17900E+01,1.85207E-01,1.60791E+00
qd675y8u,1.15830E+02,-3.17800E+01,1.93299E-01,1.59207E+00
qd677b2y,1.15830E+02,-3.17700E+01,1.56363E-01,1.63674E+00
qd4qshbp,1.15840E+02,-3.25800E+01,2.27774E-02,1.51140E+00
qd62kj2j,1.15840E+02,-3.22700E+01,6.32316E-02,1.61013E+00
qd62s104,1.15840E+02,-3.22500E+01,6.88092E-02,1.57774E+00
qd62s4bh,1.15840E+02,-3.22400E+01,7.37331E-02,1.56796E+00
qd63hnbj,1.15840E+02,-3.21300E+01,1.32568E-01,1.60545E+00
qd63k08p,1.15840E+02,-3.21200E+01,1.41277E-01,1.60336E+00
qd63k481,1.15840E+02,-3.21100E+01,1.54536E-01,1.56279E+00
qd63kh25,1.15840E+02,-3.21000E+01,1.61647E-01,1.58380E+00
qd63kn0n,1.15840E+02,-3.20900E+01,1.61233E-01,1.50225E+00
qd63s000,1.15840E+02,-3.20800E+01,1.71458E-01,1.62643E+00
qd63s1b4,1.15840E+02,-3.20700E+01,1.88617E-01,1.55364E+00
qd63s58h,1.15840E+02,-3.20600E+01,1.87190E-01,1.53344E+00
qd63sj2p,1.15840E+02,-3.20500E+01,2.15243E-01,1.56732E+00
qd63sp21,1.15840E+02,-3.20400E+01,2.31903E-01,1.55134E+00
qd63u105,1.15840E+02,-3.20300E+01,2.19236E-01,1.60983E+00
qd63u4bj,1.15840E+02,-3.20200E+01,2.45587E-01,1.63103E+00
qd63uhb0,1.15840E+02,-3.20100E+01,2.13572E-01,1.56353E+00
qd63un84,1.15840E+02,-3.20000E+01,2.41537E-01,1.57794E+00
qd66hh01,1.15840E+02,-3.19700E+01,2.39091E-01,1.67164E+00
qd66hjb5,1.15840E+02,-3.19600E+01,2.43833E-01,1.56745E+00
qd66hp8j,1.15840E+02,-3.19500E+01,2.43314E-01,1.61506E+00
qd66k180,1.15840E+02,-3.19400E+01,2.32852E-01,1.59140E+00
qd66k524,1.15840E+02,-3.19300E+01,2.16111E-01,1.49207E+00
qd66kj0h,1.15840E+02,-3.19200E+01,2.44948E-01,1.52162E+00
qd66knbn,1.15840E+02,-3.19100E+01,2.27380E-01,1.59059E+00
qd66s0b1,1.15840E+02,-3.19000E+01,2.34840E-01,1.58228E+00
qd66s485,1.15840E+02,-3.18900E+01,2.36287E-01,1.53267E+00
qd66sh2j,1.15840E+02,-3.18800E+01,2.38652E-01,1.55957E+00
qd66u004,1.15840E+02,-3.18600E+01,2.32963E-01,1.60324E+00
qd66u58n,1.15840E+02,-3.18400E+01,2.39228E-01,1.54334E+00
qd66uj80,1.15840E+02,-3.18300E+01,2.26386E-01,1.57953E+00
qd66up25,1.15840E+02,-3.18200E+01,2.33640E-01,1.58243E+00
qd67h10j,1.15840E+02,-3.18100E+01,2.11890E-01,1.63803E+00
qd67h4bp,1.15840E+02,-3.18000E+01,1.88480E-01,1.53916E+00
qd67hhb1,1.15840E+02,-3.17900E+01,2.11509E-01,1.52180E+00
qd62kjrm,1.15850E+02,-3.22700E+01,6.71308E-02,1.57267E+00
qd62s1p6,1.15850E+02,-3.22500E+01,7.06953E-02,1.60394E+00
qd62s4zk,1.15850E+02,-3.22400E+01,7.86932E-02,1.58589E+00
qd62shxq,1.15850E+02,-3.22300E+01,7.60079E-02,1.58346E+00
qd62u0r7,1.15850E+02,-3.22100E+01,8.83534E-02,1.54951E+00
qd62ujz3,1.15850E+02,-3.21800E+01,1.02095E-01,1.58204E+00
qd62upxk,1.15850E+02,-3.21700E+01,1.10375E-01,1.56379E+00
qd63h1rq,1.15850E+02,-3.21600E+01,1.20169E-01,1.54574E+00
qd63h5r2,1.15850E+02,-3.21500E+01,1.26452E-01,1.58088E+00
qd63hjp6,1.15850E+02,-3.21400E+01,1.20793E-01,1.55410E+00
qd63hnzm,1.15850E+02,-3.21300E+01,1.50333E-01,1.48778E+00
qd63k0xr,1.15850E+02,-3.21200E+01,1.53769E-01,1.61905E+00
qd63k4x3,1.15850E+02,-3.21100E+01,1.70852E-01,1.56167E+00
qd63khr7,1.15850E+02,-3.21000E+01,1.68132E-01,1.57036E+00
qd63s0p2,1.15850E+02,-3.20800E+01,1.95597E-01,1.57253E+00
qd63s1z6,1.15850E+02,-3.20700E+01,1.97863E-01,1.61216E+00
qd63s5xk,1.15850E+02,-3.20600E+01,2.08618E-01,1.55504E+00
qd63sjrr,1.15850E+02,-3.20500E+01,2.37919E-01,1.59374E+00
qd63spr3,1.15850E+02,-3.20400E+01,2.41883E-01,1.59742E+00
qd63u1p7,1.15850E+02,-3.20300E+01,2.51771E-01,1.56455E+00
qd63u4zm,1.15850E+02,-3.20200E+01,2.62883E-01,1.52149E+00
qd63uhz2,1.15850E+02,-3.20100E+01,2.47665E-01,1.48379E+00
qd63unx6,1.15850E+02,-3.20000E+01,2.51480E-01,1.59113E+00
qd66h0rk,1.15850E+02,-3.19900E+01,2.44116E-01,1.53260E+00
qd66h4pq,1.15850E+02,-3.19800E+01,2.82534E-01,1.51950E+00
qd66hhp3,1.15850E+02,-3.19700E+01,2.55639E-01,1.56316E+00
qd66hjz7,1.15850E+02,-3.19600E+01,2.45954E-01,1.56228E+00
qd66hpxm,1.15850E+02,-3.19500E+01,2.76656E-01,1.51563E+00
qd66k1x2,1.15850E+02,-3.19400E+01,2.69461E-01,1.59534E+00
qd66k5r6,1.15850E+02,-3.19300E+01,2.59099E-01,1.59158E+00
qd66kjpk,1.15850E+02,-3.19200E+01,2.50098E-01,1.50163E+00
qd66knzq,1.15850E+02,-3.19100E+01,2.48806E-01,1.52256E+00
qd66s0z3,1.15850E+02,-3.19000E+01,2.47078E-01,1.49449E+00
qd66s4x7,1.15850E+02,-3.18900E+01,2.54566E-01,1.60230E+00
qd66shrm,1.15850E+02,-3.18800E+01,2.52707E-01,1.57247E+00
qd66snpr,1.15850E+02,-3.18700E+01,2.55563E-01,1.54069E+00
qd66u0p6,1.15850E+02,-3.18600E+01,2.30775E-01,1.52867E+00
qd66u1zk,1.15850E+02,-3.18500E+01,2.62311E-01,1.61012E+00
qd66ujx2,1.15850E+02,-3.18300E+01,2.42706E-01,1.58909E+00
qd66upr7,1.15850E+02,-3.18200E+01,2.33110E-01,1.55121E+00
qd67h1pm,1.15850E+02,-3.18100E+01,2.30995E-01,1.60405E+00
qd67h4zr,1.15850E+02,-3.18000E+01,2.13190E-01,1.51746E+00
qd67hhz3,1.15850E+02,-3.17900E+01,1.80690E-01,1.56404E+00
qd67hnxk,1.15850E+02,-3.17800E+01,1.92164E-01,1.53054E+00
qd62u6nt,1.15860E+02,-3.22000E+01,8.94718E-02,1.60414E+00
qd62umy9,1.15860E+02,-3.21800E+01,1.11840E-01,1.58129E+00
qd62urws,1.15860E+02,-3.21700E+01,1.13551E-01,1.52996E+00
qd63h3qw,1.15860E+02,-3.21600E+01,1.21763E-01,1.52076E+00
qd63h7q8,1.15860E+02,-3.21500E+01,1.31775E-01,1.59373E+00
qd63hmnd,1.15860E+02,-3.21400E+01,1.38768E-01,1.55952E+00
qd63hqyt,1.15860E+02,-3.21300E+01,1.40278E-01,1.58599E+00
qd63k2wx,1.15860E+02,-3.21200E+01,1.56962E-01,1.52608E+00
qd63k6w9,1.15860E+02,-3.21100E+01,1.74952E-01,1.55272E+00
qd63kkqe,1.15860E+02,-3.21000E+01,1.65651E-01,1.53895E+00
qd63kqnw,1.15860E+02,-3.20900E+01,1.93222E-01,1.56087E+00
qd63s2n8,1.15860E+02,-3.20800E+01,2.07106E-01,1.57494E+00
qd63s3yd,1.15860E+02,-3.20700E+01,2.17708E-01,1.55840E+00
qd63s7ws,1.15860E+02,-3.20600E+01,2.17641E-01,1.57473E+00
qd63smqx,1.15860E+02,-3.20500E+01,2.50550E-01,1.55167E+00
qd63srq9,1.15860E+02,-3.20400E+01,2.63008E-01,1.57311E+00
qd63u3ne,1.15860E+02,-3.20300E+01,2.78343E-01,1.53223E+00
qd63u6yt,1.15860E+02,-3.20200E+01,2.59950E-01,1.57002E+00
qd63uky8,1.15860E+02,-3.20100E+01,2.74825E-01,1.53185E+00
qd63uqwd,1.15860E+02,-3.20000E+01,2.84328E-01,1.59630E+00
qd66h2qs,1.15860E+02,-3.19900E+01,2.61859E-01,1.54342E+00
qd66h6nw,1.15860E+02,-3.19800E+01,2.67962E-01,1.61553E+00
qd66hkn9,1.15860E+02,-3.19700E+01,2.74610E-01,1.56018E+00
qd66hmye,1.15860E+02,-3.19600E+01,2.70965E-01,1.63212E+00
qd66hrwt,1.15860E+02,-3.19500E+01,2.83320E-01,1.61657E+00
qd66k3w8,1.15860E+02,-3.19400E+01,2.87263E-01,1.63804E+00
qd66k7qd,1.15860E+02,-3.19300E+01,2.76796E-01,1.56139E+00
qd66kmns,1.15860E+02,-3.19200E+01,2.63925E-01,1.61856E+00
qd66kqyw,1.15860E+02,-3.19100E+01,2.54378E-01,1.58665E+00
qd66s2y9,1.15860E+02,-3.19000E+01,2.78131E-01,1.58661E+00
qd66s6we,1.15860E+02,-3.18900E+01,2.68044E-01,1.56693E+00
qd66skqt,1.15860E+02,-3.18800E+01,2.64130E-01,1.60074E+00
qd66sqnx,1.15860E+02,-3.18700E+01,2.64887E-01,1.51997E+00
qd66urqe,1.15860E+02,-3.18200E+01,2.52519E-01,1.59727E+00
qd67h3nt,1.15860E+02,-3.18100E+01,2.48262E-01,1.57082E+00
qd67h6yx,1.15860E+02,-3.18000E+01,2.30188E-01,1.59811E+00
qd67hky9,1.15860E+02,-3.17900E+01,2.21733E-01,1.50570E+00
qd67hqws,1.15860E+02,-3.17800E+01,2.08862E-01,1.58168E+00
qd67k2qw,1.15860E+02,-3.17700E+01,1.91494E-01,1.54309E+00
qd62ssty,1.15870E+02,-3.22300E+01,8.61577E-02,1.53634E+00
qd63h9my,1.15870E+02,-3.21600E+01,1.31132E-01,1.58745E+00
qd63hemb,1.15870E+02,-3.21500E+01,1.30940E-01,1.54566E+00
qd63htjf,1.15870E+02,-3.21400E+01,1.29020E-01,1.56358E+00
qd63hwvv,1.15870E+02,-3.21300E+01,1.48541E-01,1.60228E+00
qd63k8tz,1.15870E+02,-3.21200E+01,1.73511E-01,1.61782E+00
qd63ksmg,1.15870E+02,-3.21000E+01,1.73101E-01,1.56496E+00
qd63kwjy,1.15870E+02,-3.20900E+01,1.99929E-01,1.60564E+00
qd63s8jb,1.15870E+02,-3.20800E+01,2.06521E-01,1.53931E+00
qd63s9vf,1.15870E+02,-3.20700E+01,2.13767E-01,1.60566E+00
qd63setu,1.15870E+02,-3.20600E+01,2.43876E-01,1.59779E+00
qd63stmz,1.15870E+02,-3.20500E+01,2.22060E-01,1.56110E+00
qd63sxmc,1.15870E+02,-3.20400E+01,2.50623E-01,1.55447E+00
qd63u9jg,1.15870E+02,-3.20300E+01,2.64761E-01,1.53783E+00
qd63udvv,1.15870E+02,-3.20200E+01,2.89665E-01,1.55371E+00
qd63usvb,1.15870E+02,-3.20100E+01,2.88828E-01,1.60132E+00
qd63uwtf,1.15870E+02,-3.20000E+01,2.84921E-01,1.57440E+00
qd66h8mu,1.15870E+02,-3.19900E+01,3.03439E-01,1.57817E+00
qd66hdjy,1.15870E+02,-3.19800E+01,2.99436E-01,1.57052E+00
qd66hsjc,1.15870E+02,-3.19700E+01,2.98352E-01,1.58264E+00
qd66htvg,1.15870E+02,-3.19600E+01,3.08479E-01,1.52250E+00
qd66hxtv,1.15870E+02,-3.19500E+01,3.12779E-01,1.59830E+00
qd66k9tb,1.15870E+02,-3.19400E+01,2.98439E-01,1.55977E+00
qd66kemf,1.15870E+02,-3.19300E+01,2.95418E-01,1.52348E+00
qd66ktju,1.15870E+02,-3.19200E+01,2.77978E-01,1.58913E+00
qd66kwvy,1.15870E+02,-3.19100E+01,3.15931E-01,1.61506E+00
qd66s8vc,1.15870E+02,-3.19000E+01,2.93146E-01,1.51880E+00
qd66sdtg,1.15870E+02,-3.18900E+01,2.61824E-01,1.62810E+00
qd66u8jf,1.15870E+02,-3.18600E+01,2.72324E-01,1.62320E+00
qd66uxmg,1.15870E+02,-3.18200E+01,2.70078E-01,1.54396E+00
qd67h9jv,1.15870E+02,-3.18100E+01,2.56275E-01,1.55001E+00
qd67hdvz,1.15870E+02,-3.18000E+01,2.45269E-01,1.58961E+00
qd67k8my,1.15870E+02,-3.17700E+01,1.97675E-01,1.54502E+00
qd62sfvh,1.15880E+02,-3.22400E+01,7.79518E-02,1.59697E+00
qd63kbtp,1.15880E+02,-3.21200E+01,1.56206E-01,1.58412E+00
qd63kum5,1.15880E+02,-3.21000E+01,1.89976E-01,1.50311E+00
qd63kyjn,1.15880E+02,-3.20900E+01,2.17575E-01,1.51392E+00
qd63sbj0,1.15880E+02,-3.20800E+01,2.36351E-01,1.56914E+00
qd63scv4,1.15880E+02,-3.20700E+01,2.49473E-01,1.55462E+00
qd63sgth,1.15880E+02,-3.20600E+01,2.52412E-01,1.51737E+00
qd63svmp,1.15880E+02,-3.20500E+01,2.54489E-01,1.55776E+00
qd63szm1,1.15880E+02,-3.20400E+01,2.92855E-01,1.58980E+00
qd63ucj5,1.15880E+02,-3.20300E+01,2.96874E-01,1.58883E+00
qd63ufvj,1.15880E+02,-3.20200E+01,2.88091E-01,1.56587E+00
qd63uuv0,1.15880E+02,-3.20100E+01,3.02285E-01,1.61325E+00
qd63uyt4,1.15880E+02,-3.20000E+01,3.23007E-01,1.58136E+00
qd66hbmh,1.15880E+02,-3.19900E+01,3.14854E-01,1.66172E+00
qd66hfjn,1.15880E+02,-3.19800E+01,3.51866E-01,1.54703E+00
qd66huj1,1.15880E+02,-3.19700E+01,3.07070E-01,1.60666E+00
qd66hvv5,1.15880E+02,-3.19600E+01,3.17346E-01,1.55511E+00
qd66hztj,1.15880E+02,-3.19500E+01,2.90208E-01,1.49869E+00
qd66kct0,1.15880E+02,-3.19400E+01,3.26670E-01,1.60888E+00
qd66kgm4,1.15880E+02,-3.19300E+01,3.01191E-01,1.62449E+00
qd66kvjh,1.15880E+02,-3.19200E+01,2.90779E-01,1.66697E+00
qd66kyvn,1.15880E+02,-3.19100E+01,2.95871E-01,1.58711E+00
qd66sbv1,1.15880E+02,-3.19000E+01,3.02645E-01,1.54996E+00
qd66sft5,1.15880E+02,-3.18900E+01,2.95034E-01,1.55131E+00
qd66sumj,1.15880E+02,-3.18800E+01,2.86644E-01,1.56198E+00
qd66ubj4,1.15880E+02,-3.18600E+01,3.17901E-01,1.57410E+00
qd66ucvh,1.15880E+02,-3.18500E+01,3.15447E-01,1.53200E+00
qd66uzm5,1.15880E+02,-3.18200E+01,2.75383E-01,1.54848E+00
qd67hcjj,1.15880E+02,-3.18100E+01,2.66603E-01,1.57686E+00
qd67hfvp,1.15880E+02,-3.18000E+01,2.45073E-01,1.51254E+00
qd63mnhw,1.15890E+02,-3.20900E+01,2.07806E-01,1.60137E+00
qd63t0h8,1.15890E+02,-3.20800E+01,2.31247E-01,1.57204E+00
qd63t1ud,1.15890E+02,-3.20700E+01,2.60766E-01,1.58852E+00
qd63t5ss,1.15890E+02,-3.20600E+01,2.63730E-01,1.54796E+00
qd63tjkx,1.15890E+02,-3.20500E+01,2.74015E-01,1.60526E+00
qd63tpk9,1.15890E+02,-3.20400E+01,3.08871E-01,1.54254E+00
qd63v1he,1.15890E+02,-3.20300E+01,2.96328E-01,1.58205E+00
qd63v4ut,1.15890E+02,-3.20200E+01,3.09902E-01,1.56635E+00
qd63vhu8,1.15890E+02,-3.20100E+01,3.27005E-01,1.57844E+00
qd63vnsd,1.15890E+02,-3.20000E+01,3.34902E-01,1.53220E+00
qd66j0ks,1.15890E+02,-3.19900E+01,3.48498E-01,1.56612E+00
qd66j4hw,1.15890E+02,-3.19800E+01,3.41959E-01,1.62108E+00
qd66jhh9,1.15890E+02,-3.19700E+01,3.40838E-01,1.61349E+00
qd66jjue,1.15890E+02,-3.19600E+01,3.21641E-01,1.58028E+00
qd66jpst,1.15890E+02,-3.19500E+01,3.54721E-01,1.60333E+00
qd66m1s8,1.15890E+02,-3.19400E+01,3.31079E-01,1.53799E+00
qd66m5kd,1.15890E+02,-3.19300E+01,3.29307E-01,1.58253E+00
qd66mjhs,1.15890E+02,-3.19200E+01,3.30841E-01,1.53498E+00
qd66mnuw,1.15890E+02,-3.19100E+01,3.18293E-01,1.53691E+00
qd66t0u9,1.15890E+02,-3.19000E+01,3.10435E-01,1.58613E+00
qd66t4se,1.15890E+02,-3.18900E+01,3.39904E-01,1.53800E+00
qd66thkt,1.15890E+02,-3.18800E+01,3.28654E-01,1.61658E+00
qd66v0hd,1.15890E+02,-3.18600E+01,3.21783E-01,1.55433E+00
qd66v1us,1.15890E+02,-3.18500E+01,3.27404E-01,1.53406E+00
qd66v5sw,1.15890E+02,-3.18400E+01,3.39974E-01,1.62721E+00
qd66vjs8,1.15890E+02,-3.18300E+01,2.94111E-01,1.55282E+00
qd63jm5f,1.15900E+02,-3.21400E+01,1.55895E-01,1.56695E+00
qd63mq5y,1.15900E+02,-3.20900E+01,2.18202E-01,1.54789E+00
qd63t25b,1.15900E+02,-3.20800E+01,2.67412E-01,1.59490E+00
qd63t3gf,1.15900E+02,-3.20700E+01,2.54340E-01,1.58906E+00
qd63t7eu,1.15900E+02,-3.20600E+01,2.77944E-01,1.58992E+00
qd63tm7z,1.15900E+02,-3.20500E+01,2.79197E-01,1.60260E+00
qd63tr7c,1.15900E+02,-3.20400E+01,3.49071E-01,1.63037E+00
qd63v35g,1.15900E+02,-3.20300E+01,3.51777E-01,1.55622E+00
qd63v6gv,1.15900E+02,-3.20200E+01,3.75263E-01,1.56648E+00
qd63vkgb,1.15900E+02,-3.20100E+01,3.91691E-01,1.57916E+00
qd63vqef,1.15900E+02,-3.20000E+01,3.57776E-01,1.58498E+00
qd66j27u,1.15900E+02,-3.19900E+01,4.20007E-01,1.59212E+00
qd66j65y,1.15900E+02,-3.19800E+01,3.65574E-01,1.57337E+00
qd66jk5c,1.15900E+02,-3.19700E+01,3.80424E-01,1.57802E+00
qd66jmgg,1.15900E+02,-3.19600E+01,3.91873E-01,1.57095E+00
qd66jrev,1.15900E+02,-3.19500E+01,3.58628E-01,1.57996E+00
qd66m3eb,1.15900E+02,-3.19400E+01,3.90606E-01,1.58123E+00
qd66m77f,1.15900E+02,-3.19300E+01,3.36860E-01,1.53694E+00
qd66mm5u,1.15900E+02,-3.19200E+01,3.62941E-01,1.52758E+00
qd66mqgy,1.15900E+02,-3.19100E+01,3.60245E-01,1.58337E+00
qd66t2gc,1.15900E+02,-3.19000E+01,3.91699E-01,1.58324E+00
qd66t6eg,1.15900E+02,-3.18900E+01,3.66786E-01,1.55552E+00
qd66tk7v,1.15900E+02,-3.18800E+01,3.36712E-01,1.56512E+00
qd66v25f,1.15900E+02,-3.18600E+01,3.70899E-01,1.53593E+00
qd66v3gu,1.15900E+02,-3.18500E+01,3.63614E-01,1.63196E+00
qd66v7ey,1.15900E+02,-3.18400E+01,3.74679E-01,1.55467E+00
qd63jt54,1.15910E+02,-3.21400E+01,1.51896E-01,1.57586E+00
qd63m8ep,1.15910E+02,-3.21200E+01,1.95272E-01,1.57957E+00
qd63t850,1.15910E+02,-3.20800E+01,2.50485E-01,1.61594E+00
qd63t9g4,1.15910E+02,-3.20700E+01,2.99037E-01,1.58749E+00
qd63teeh,1.15910E+02,-3.20600E+01,3.11820E-01,1.64774E+00
qd63tt7p,1.15910E+02,-3.20500E+01,3.26423E-01,1.58041E+00
qd63tx71,1.15910E+02,-3.20400E+01,3.57457E-01,1.61189E+00
qd63v955,1.15910E+02,-3.20300E+01,3.79300E-01,1.50804E+00
qd63vdgj,1.15910E+02,-3.20200E+01,3.87244E-01,1.58906E+00
qd63vsg0,1.15910E+02,-3.20100E+01,3.94255E-01,1.53041E+00
qd63vwe4,1.15910E+02,-3.20000E+01,4.34753E-01,1.57084E+00
qd66j87h,1.15910E+02,-3.19900E+01,3.98703E-01,1.57306E+00
qd66jd5n,1.15910E+02,-3.19800E+01,3.88752E-01,1.53929E+00
qd66js51,1.15910E+02,-3.19700E+01,3.97805E-01,1.53960E+00
qd66jtg5,1.15910E+02,-3.19600E+01,4.08334E-01,1.57058E+00
qd66jxej,1.15910E+02,-3.19500E+01,4.16398E-01,1.58105E+00
qd66m9e0,1.15910E+02,-3.19400E+01,4.50651E-01,1.56603E+00
qd66me74,1.15910E+02,-3.19300E+01,3.93296E-01,1.58299E+00
qd66mt5h,1.15910E+02,-3.19200E+01,4.08172E-01,1.56525E+00
qd66mwgn,1.15910E+02,-3.19100E+01,4.12982E-01,1.61104E+00
qd66t8g1,1.15910E+02,-3.19000E+01,3.77831E-01,1.60166E+00
qd66tde5,1.15910E+02,-3.18900E+01,4.18744E-01,1.53418E+00
qd66ts7j,1.15910E+02,-3.18800E+01,3.72322E-01,1.62048E+00
qd66v854,1.15910E+02,-3.18600E+01,4.02348E-01,1.48672E+00
qd66v9gh,1.15910E+02,-3.18500E+01,4.04604E-01,1.58717E+00
qd63jg62,1.15920E+02,-3.21500E+01,1.46612E-01,1.51230E+00
qd63jyfm,1.15920E+02,-3.21300E+01,1.73053E-01,1.61562E+00
qd63mbdr,1.15920E+02,-3.21200E+01,1.93368E-01,1.55422E+00
qd63mu67,1.15920E+02,-3.21000E+01,2.32841E-01,1.62577E+00
qd63my4q,1.15920E+02,-3.20900E+01,2.62395E-01,1.52762E+00
qd63tb42,1.15920E+02,-3.20800E+01,2.73958E-01,1.54116E+00
qd63tcf6,1.15920E+02,-3.20700E+01,3.24506E-01,1.58653E+00
qd63tgdk,1.15920E+02,-3.20600E+01,3.12027E-01,1.64232E+00
qd63tv6r,1.15920E+02,-3.20500E+01,3.68344E-01,1.56670E+00
qd63tz63,1.15920E+02,-3.20400E+01,3.56018E-01,1.52603E+00
qd63vc47,1.15920E+02,-3.20300E+01,4.01226E-01,1.63630E+00
qd63vffm,1.15920E+02,-3.20200E+01,4.42728E-01,1.61182E+00
qd63vuf2,1.15920E+02,-3.20100E+01,4.17619E-01,1.52339E+00
qd63vyd6,1.15920E+02,-3.20000E+01,4.66367E-01,1.58130E+00
qd66jb6k,1.15920E+02,-3.19900E+01,4.68492E-01,1.53012E+00
qd66jf4q,1.15920E+02,-3.19800E+01,4.67704E-01,1.59055E+00
qd66ju43,1.15920E+02,-3.19700E+01,4.19133E-01,1.53509E+00
qd66jvf7,1.15920E+02,-3.19600E+01,4.30112E-01,1.55555E+00
qd66jzdm,1.15920E+02,-3.19500E+01,4.68858E-01,1.55688E+00
qd66mcd2,1.15920E+02,-3.19400E+01,4.81018E-01,1.54554E+00
qd66mg66,1.15920E+02,-3.19300E+01,4.34789E-01,1.55444E+00
qd66mv4k,1.15920E+02,-3.19200E+01,4.57009E-01,1.58185E+00
qd66myfq,1.15920E+02,-3.19100E+01,4.60419E-01,1.51523E+00
qd66tbf3,1.15920E+02,-3.19000E+01,4.60552E-01,1.50343E+00
qd66tfd7,1.15920E+02,-3.18900E+01,4.75503E-01,1.56237E+00
qd66tu6m,1.15920E+02,-3.18800E+01,4.40017E-01,1.56843E+00
qd66ty4r,1.15920E+02,-3.18700E+01,4.43160E-01,1.53581E+00
qd66vb46,1.15920E+02,-3.18600E+01,4.19979E-01,1.54125E+00
qd63n538,1.15930E+02,-3.21500E+01,1.40535E-01,1.53601E+00
qd63nj1d,1.15930E+02,-3.21400E+01,1.62773E-01,1.63340E+00
qd63nnct,1.15930E+02,-3.21300E+01,1.83447E-01,1.53776E+00
qd63q09x,1.15930E+02,-3.21200E+01,2.03705E-01,1.66059E+00
qd63q499,1.15930E+02,-3.21100E+01,2.14272E-01,1.66616E+00
qd63qh3e,1.15930E+02,-3.21000E+01,2.21916E-01,1.55512E+00
qd63qn1w,1.15930E+02,-3.20900E+01,2.56589E-01,1.55110E+00
qd63w018,1.15930E+02,-3.20800E+01,2.77104E-01,1.56294E+00
qd63w1cd,1.15930E+02,-3.20700E+01,3.24056E-01,1.58507E+00
qd63w59s,1.15930E+02,-3.20600E+01,3.49181E-01,1.54258E+00
qd63wj3x,1.15930E+02,-3.20500E+01,4.07722E-01,1.56617E+00
qd63wp39,1.15930E+02,-3.20400E+01,4.18965E-01,1.53707E+00
qd63y11e,1.15930E+02,-3.20300E+01,4.54609E-01,1.53745E+00
qd63y4ct,1.15930E+02,-3.20200E+01,4.79534E-01,1.61532E+00
qd63yhc8,1.15930E+02,-3.20100E+01,4.99014E-01,1.59387E+00
qd63yn9d,1.15930E+02,-3.20000E+01,4.95863E-01,1.53910E+00
qd66n03s,1.15930E+02,-3.19900E+01,5.27890E-01,1.56904E+00
qd66n41w,1.15930E+02,-3.19800E+01,5.22511E-01,1.57346E+00
qd66nh19,1.15930E+02,-3.19700E+01,4.99775E-01,1.53504E+00
qd66njce,1.15930E+02,-3.19600E+01,5.02820E-01,1.52623E+00
qd66np9t,1.15930E+02,-3.19500E+01,4.89660E-01,1.58403E+00
qd66q198,1.15930E+02,-3.19400E+01,5.02198E-01,1.57979E+00
qd66q53d,1.15930E+02,-3.19300E+01,4.92430E-01,1.49973E+00
qd66qj1s,1.15930E+02,-3.19200E+01,5.15791E-01,1.58795E+00
qd66qncw,1.15930E+02,-3.19100E+01,4.90226E-01,1.58910E+00
qd66w0c9,1.15930E+02,-3.19000E+01,4.82491E-01,1.51711E+00
qd66w49e,1.15930E+02,-3.18900E+01,5.08114E-01,1.56694E+00
qd66wh3t,1.15930E+02,-3.18800E+01,4.80199E-01,1.53480E+00
qd66wn1x,1.15930E+02,-3.18700E+01,5.81069E-01,1.59293E+00
qd66y01d,1.15930E+02,-3.18600E+01,5.15840E-01,1.53023E+00
qd63n72b,1.15940E+02,-3.21500E+01,1.51899E-01,1.54064E+00
qd63nqbv,1.15940E+02,-3.21300E+01,2.13360E-01,1.52364E+00
qd63q28z,1.15940E+02,-3.21200E+01,2.21708E-01,1.55623E+00
qd63q68c,1.15940E+02,-3.21100E+01,2.37834E-01,1.57517E+00
qd63qk2g,1.15940E+02,-3.21000E+01,2.56673E-01,1.59362E+00
qd63qq0y,1.15940E+02,-3.20900E+01,2.63837E-01,1.53698E+00
qd63w3bf,1.15940E+02,-3.20700E+01,3.34367E-01,1.57678E+00
qd63w78u,1.15940E+02,-3.20600E+01,4.03695E-01,1.60004E+00
qd63wr2c,1.15940E+02,-3.20400E+01,4.76966E-01,1.57355E+00
qd63y30g,1.15940E+02,-3.20300E+01,5.22641E-01,1.49750E+00
qd63y6bv,1.15940E+02,-3.20200E+01,5.15980E-01,1.49124E+00
qd63ykbb,1.15940E+02,-3.20100E+01,5.71357E-01,1.57060E+00
qd63yq8f,1.15940E+02,-3.20000E+01,5.74494E-01,1.58232E+00
qd66n22u,1.15940E+02,-3.19900E+01,5.62876E-01,1.61072E+00
qd66n60y,1.15940E+02,-3.19800E+01,5.58227E-01,1.63368E+00
qd66nk0c,1.15940E+02,-3.19700E+01,5.65133E-01,1.61007E+00
qd66nmbg,1.15940E+02,-3.19600E+01,5.17559E-01,1.52245E+00
qd66nr8v,1.15940E+02,-3.19500E+01,5.88836E-01,1.58056E+00
qd66q38b,1.15940E+02,-3.19400E+01,5.83520E-01,1.55910E+00
qd66q72f,1.15940E+02,-3.19300E+01,5.25324E-01,1.55197E+00
qd66qm0u,1.15940E+02,-3.19200E+01,5.48184E-01,1.62592E+00
qd66qqby,1.15940E+02,-3.19100E+01,5.72529E-01,1.59464E+00
qd66w2bc,1.15940E+02,-3.19000E+01,5.34159E-01,1.65758E+00
qd66w68g,1.15940E+02,-3.18900E+01,5.92366E-01,1.53013E+00
qd66wk2v,1.15940E+02,-3.18800E+01,5.29440E-01,1.58356E+00
qd66wq0z,1.15940E+02,-3.18700E+01,5.50684E-01,1.54123E+00
qd63qd81,1.15950E+02,-3.21100E+01,2.27639E-01,1.63926E+00
qd63qs25,1.15950E+02,-3.21000E+01,2.70116E-01,1.62496E+00
qd63w800,1.15950E+02,-3.20800E+01,3.13253E-01,1.53897E+00
qd63w9b4,1.15950E+02,-3.20700E+01,3.70449E-01,1.54943E+00
qd63we8h,1.15950E+02,-3.20600E+01,3.72850E-01,1.55572E+00
qd63wt2p,1.15950E+02,-3.20500E+01,4.23029E-01,1.60245E+00
qd63y905,1.15950E+02,-3.20300E+01,5.48690E-01,1.58669E+00
qd63ydbj,1.15950E+02,-3.20200E+01,5.90595E-01,1.49673E+00
qd63ysb0,1.15950E+02,-3.20100E+01,5.86037E-01,1.65067E+00
qd63yw84,1.15950E+02,-3.20000E+01,6.52309E-01,1.55551E+00
qd66n82h,1.15950E+02,-3.19900E+01,6.23436E-01,1.52592E+00
qd66nd0n,1.15950E+02,-3.19800E+01,5.73496E-01,1.57604E+00
qd66ns01,1.15950E+02,-3.19700E+01,6.29208E-01,1.51711E+00
qd66ntb5,1.15950E+02,-3.19600E+01,6.19397E-01,1.54060E+00
qd66nx8j,1.15950E+02,-3.19500E+01,5.84263E-01,1.58815E+00
qd66q980,1.15950E+02,-3.19400E+01,6.08286E-01,1.54602E+00
qd66qe24,1.15950E+02,-3.19300E+01,5.85476E-01,1.59766E+00
qd66qt0h,1.15950E+02,-3.19200E+01,5.72355E-01,1.57542E+00
qd66qwbn,1.15950E+02,-3.19100E+01,6.32277E-01,1.52476E+00
qd66w8b1,1.15950E+02,-3.19000E+01,5.62618E-01,1.56193E+00
qd66wd85,1.15950E+02,-3.18900E+01,5.98657E-01,1.62867E+00
qd66ws2j,1.15950E+02,-3.18800E+01,5.55635E-01,1.60400E+00
qd66ww0p,1.15950E+02,-3.18700E+01,6.17592E-01,1.58066E+00
qd66y804,1.15950E+02,-3.18600E+01,5.86848E-01,1.57493E+00
qd63ner2,1.15960E+02,-3.21500E+01,1.57840E-01,1.58871E+00
qd63ntp6,1.15960E+02,-3.21400E+01,1.83433E-01,1.53065E+00
qd63qdx3,1.15960E+02,-3.21100E+01,2.41362E-01,1.57105E+00
qd63qsr7,1.15960E+02,-3.21000E+01,2.90592E-01,1.59346E+00
qd63qwpq,1.15960E+02,-3.20900E+01,2.70999E-01,1.58298E+00
qd63w8p2,1.15960E+02,-3.20800E+01,3.21138E-01,1.65060E+00
qd63w9z6,1.15960E+02,-3.20700E+01,3.28650E-01,1.49103E+00
qd63wexk,1.15960E+02,-3.20600E+01,4.20822E-01,1.60999E+00
qd63wtrr,1.15960E+02,-3.20500E+01,4.74890E-01,1.61234E+00
qd63wxr3,1.15960E+02,-3.20400E+01,5.37438E-01,1.52463E+00
qd63y9p7,1.15960E+02,-3.20300E+01,5.67869E-01,1.50248E+00
qd63ydzm,1.15960E+02,-3.20200E+01,6.38972E-01,1.52427E+00
qd63ysz2,1.15960E+02,-3.20100E+01,6.52042E-01,1.52922E+00
qd63ywx6,1.15960E+02,-3.20000E+01,6.90963E-01,1.58355E+00
qd66n8rk,1.15960E+02,-3.19900E+01,6.95107E-01,1.57129E+00
qd66ndpq,1.15960E+02,-3.19800E+01,7.14264E-01,1.58496E+00
qd66nsp3,1.15960E+02,-3.19700E+01,6.27093E-01,1.56784E+00
qd66ntz7,1.15960E+02,-3.19600E+01,6.67912E-01,1.62630E+00
qd66nxxm,1.15960E+02,-3.19500E+01,6.83777E-01,1.56103E+00
qd66q9x2,1.15960E+02,-3.19400E+01,6.31583E-01,1.53045E+00
qd66qer6,1.15960E+02,-3.19300E+01,6.22871E-01,1.57594E+00
qd66qtpk,1.15960E+02,-3.19200E+01,6.42341E-01,1.51271E+00
qd66qwzq,1.15960E+02,-3.19100E+01,7.00177E-01,1.58762E+00
qd66w8z3,1.15960E+02,-3.19000E+01,6.72079E-01,1.54348E+00
qd66wdx7,1.15960E+02,-3.18900E+01,6.50001E-01,1.62243E+00
qd66wsrm,1.15960E+02,-3.18800E+01,5.88438E-01,1.58472E+00
qd66wwpr,1.15960E+02,-3.18700E+01,6.45933E-01,1.57076E+00
qd66y8p6,1.15960E+02,-3.18600E+01,6.37662E-01,1.55400E+00
qd66ytx2,1.15960E+02,-3.18300E+01,5.63900E-01,1.53273E+00
qd67nsz3,1.15960E+02,-3.17900E+01,3.87726E-01,1.60373E+00
qd67nwxk,1.15960E+02,-3.17800E+01,3.39979E-01,1.57802E+00
qd67q8rq,1.15960E+02,-3.17700E+01,3.12831E-01,1.55935E+00
qd62yvyc,1.15970E+02,-3.21800E+01,1.40353E-01,1.56603E+00
qd63ngqb,1.15970E+02,-3.21500E+01,1.84198E-01,1.54631E+00
qd63nvnf,1.15970E+02,-3.21400E+01,1.91497E-01,1.56095E+00
qd63qfwc,1.15970E+02,-3.21100E+01,2.56314E-01,1.55473E+00
qd63quqg,1.15970E+02,-3.21000E+01,2.87091E-01,1.57423E+00
qd63qyny,1.15970E+02,-3.20900E+01,3.13414E-01,1.53271E+00
qd63wbnb,1.15970E+02,-3.20800E+01,3.45790E-01,1.59626E+00
qd63wcyf,1.15970E+02,-3.20700E+01,3.77084E-01,1.52400E+00
qd63wgwu,1.15970E+02,-3.20600E+01,4.53399E-01,1.55858E+00
qd63wvqz,1.15970E+02,-3.20500E+01,5.08457E-01,1.54104E+00
qd63wzqc,1.15970E+02,-3.20400E+01,5.85510E-01,1.57662E+00
qd63ycng,1.15970E+02,-3.20300E+01,6.60238E-01,1.54914E+00
qd63yfyv,1.15970E+02,-3.20200E+01,7.52268E-01,1.52193E+00
qd63yuyb,1.15970E+02,-3.20100E+01,8.16650E-01,1.53268E+00
qd63yywf,1.15970E+02,-3.20000E+01,8.20395E-01,1.56632E+00
qd66nbqu,1.15970E+02,-3.19900E+01,8.14130E-01,1.52250E+00
qd66nfny,1.15970E+02,-3.19800E+01,7.65206E-01,1.59131E+00
qd66nunc,1.15970E+02,-3.19700E+01,7.25197E-01,1.60390E+00
qd66nvyg,1.15970E+02,-3.19600E+01,7.74608E-01,1.58210E+00
qd66nzwv,1.15970E+02,-3.19500E+01,8.22001E-01,1.52770E+00
qd66qcwb,1.15970E+02,-3.19400E+01,7.26499E-01,1.53939E+00
qd66qgqf,1.15970E+02,-3.19300E+01,7.70131E-01,1.55765E+00
qd66qvnu,1.15970E+02,-3.19200E+01,6.90557E-01,1.55002E+00
qd66qyyy,1.15970E+02,-3.19100E+01,7.81094E-01,1.60107E+00
qd66wbyc,1.15970E+02,-3.19000E+01,8.04034E-01,1.54102E+00
qd66wfwg,1.15970E+02,-3.18900E+01,7.65407E-01,1.58945E+00
qd66wuqv,1.15970E+02,-3.18800E+01,7.01557E-01,1.59058E+00
qd66wynz,1.15970E+02,-3.18700E+01,7.20919E-01,1.56544E+00
qd66ybnf,1.15970E+02,-3.18600E+01,7.39287E-01,1.52821E+00
qd66ycyu,1.15970E+02,-3.18500E+01,7.42689E-01,1.56523E+00
qd66yvwb,1.15970E+02,-3.18300E+01,6.53612E-01,1.53013E+00
qd66yzqg,1.15970E+02,-3.18200E+01,6.19611E-01,1.53555E+00
qd67nuyc,1.15970E+02,-3.17900E+01,4.18702E-01,1.53518E+00
qd67nywu,1.15970E+02,-3.17800E+01,3.37843E-01,1.53973E+00
qd67qbqy,1.15970E+02,-3.17700E+01,3.33325E-01,1.58901E+00
qd62xhwn,1.15980E+02,-3.22300E+01,9.71499E-02,1.61777E+00
qd63p1qn,1.15980E+02,-3.21600E+01,1.62175E-01,1.57245E+00
qd63p5q0,1.15980E+02,-3.21500E+01,1.72355E-01,1.61487E+00
qd63pjn4,1.15980E+02,-3.21400E+01,1.71350E-01,1.51451E+00
qd63x1y4,1.15980E+02,-3.20700E+01,4.04760E-01,1.56184E+00
qd63x5wh,1.15980E+02,-3.20600E+01,4.94215E-01,1.58788E+00
qd63xjqp,1.15980E+02,-3.20500E+01,5.39251E-01,1.58091E+00
qd63xpq1,1.15980E+02,-3.20400E+01,6.94053E-01,1.53898E+00
qd63z1n5,1.15980E+02,-3.20300E+01,7.59871E-01,1.57582E+00
qd63z4yj,1.15980E+02,-3.20200E+01,8.13608E-01,1.50769E+00
qd63zhy0,1.15980E+02,-3.20100E+01,9.53257E-01,1.57244E+00
qd63znw4,1.15980E+02,-3.20000E+01,1.00298E+00,1.47660E+00
qd66p0qh,1.15980E+02,-3.19900E+01,9.47496E-01,1.57885E+00
qd66p4nn,1.15980E+02,-3.19800E+01,9.32109E-01,1.58411E+00
qd66phn1,1.15980E+02,-3.19700E+01,7.73787E-01,1.53277E+00
qd66pjy5,1.15980E+02,-3.19600E+01,9.18598E-01,1.53703E+00
qd66ppwj,1.15980E+02,-3.19500E+01,9.22302E-01,1.55074E+00
qd66r1w0,1.15980E+02,-3.19400E+01,8.83919E-01,1.57061E+00
qd66rjnh,1.15980E+02,-3.19200E+01,8.87474E-01,1.59983E+00
qd66rnyn,1.15980E+02,-3.19100E+01,9.75779E-01,1.58128E+00
qd66x0y1,1.15980E+02,-3.19000E+01,8.70874E-01,1.61164E+00
qd66x4w5,1.15980E+02,-3.18900E+01,8.08946E-01,1.55793E+00
qd66xnnp,1.15980E+02,-3.18700E+01,8.29281E-01,1.58347E+00
qd67p4yp,1.15980E+02,-3.18000E+01,5.39477E-01,1.53777E+00
qd67phy1,1.15980E+02,-3.17900E+01,4.81073E-01,1.59516E+00
qd67r0qn,1.15980E+02,-3.17700E+01,3.47092E-01,1.62188E+00
qd67r4q0,1.15980E+02,-3.17600E+01,3.08258E-01,1.52349E+00
qd67rhn4,1.15980E+02,-3.17500E+01,2.87723E-01,1.58849E+00
qd62xktq,1.15990E+02,-3.22300E+01,1.04252E-01,1.50639E+00
qd63p7m2,1.15990E+02,-3.21500E+01,1.89588E-01,1.58398E+00
qd63rqjq,1.15990E+02,-3.20900E+01,3.44968E-01,1.61593E+00
qd63x2j2,1.15990E+02,-3.20800E+01,3.71034E-01,1.59751E+00
qd63x3v6,1.15990E+02,-3.20700E+01,4.43131E-01,1.55448E+00
qd63x7tk,1.15990E+02,-3.20600E+01,4.78311E-01,1.56984E+00
qd63xmmr,1.15990E+02,-3.20500E+01,5.96356E-01,1.57554E+00
qd63xrm3,1.15990E+02,-3.20400E+01,6.86536E-01,1.62318E+00
qd63z3j7,1.15990E+02,-3.20300E+01,8.39401E-01,1.63930E+00
qd63z6vm,1.15990E+02,-3.20200E+01,9.35814E-01,1.56603E+00
qd63zkv2,1.15990E+02,-3.20100E+01,1.09634E+00,1.58885E+00
qd63zqt6,1.15990E+02,-3.20000E+01,1.08647E+00,1.60429E+00
qd66p2mk,1.15990E+02,-3.19900E+01,1.08394E+00,1.52362E+00
qd66p6jq,1.15990E+02,-3.19800E+01,1.11408E+00,1.61948E+00
qd66pkj3,1.15990E+02,-3.19700E+01,9.69053E-01,1.55081E+00
qd66pmv7,1.15990E+02,-3.19600E+01,1.11453E+00,1.50284E+00
qd66prtm,1.15990E+02,-3.19500E+01,1.12756E+00,1.53422E+00
qd66r3t2,1.15990E+02,-3.19400E+01,1.07186E+00,1.56954E+00
qd66r7m6,1.15990E+02,-3.19300E+01,1.01995E+00,1.56162E+00
qd66rmjk,1.15990E+02,-3.19200E+01,1.05831E+00,1.57107E+00
qd66rqvq,1.15990E+02,-3.19100E+01,1.06989E+00,1.58062E+00
qd66x2v3,1.15990E+02,-3.19000E+01,1.13454E+00,1.58970E+00
qd66x6t7,1.15990E+02,-3.18900E+01,1.05946E+00,1.61615E+00
qd66z2j6,1.15990E+02,-3.18600E+01,1.04248E+00,1.57579E+00
qd66z3vk,1.15990E+02,-3.18500E+01,1.00928E+00,1.53744E+00
qd67pkv3,1.15990E+02,-3.17900E+01,4.93201E-01,1.59084E+00
qd67pqtk,1.15990E+02,-3.17800E+01,4.25825E-01,1.58404E+00
qd67r2mq,1.15990E+02,-3.17700E+01,4.23316E-01,1.58912E+00
qd67r6m2,1.15990E+02,-3.17600E+01,2.99547E-01,1.62136E+00
qd67rkj6,1.15990E+02,-3.17500E+01,2.67605E-01,1.56156E+00
qd62xssw,1.16000E+02,-3.22300E+01,1.00164E-01,1.50735E+00
qd62xws8,1.16000E+02,-3.22200E+01,1.06149E-01,1.57563E+00
qd62zeux,1.16000E+02,-3.21900E+01,1.29003E-01,1.58829E+00
qd62zxss,1.16000E+02,-3.21700E+01,1.54780E-01,1.55823E+00
qd63p9kw,1.16000E+02,-3.21600E+01,1.71392E-01,1.58925E+00
qd63pthd,1.16000E+02,-3.21400E+01,2.01086E-01,1.63158E+00
qd63pwut,1.16000E+02,-3.21300E+01,2.32923E-01,1.52807E+00
qd63r8sx,1.16000E+02,-3.21200E+01,2.52053E-01,1.57875E+00
qd63rds9,1.16000E+02,-3.21100E+01,2.52587E-01,1.51776E+00
qd63rske,1.16000E+02,-3.21000E+01,3.30487E-01,1.58346E+00
qd63x8h8,1.16000E+02,-3.20800E+01,4.13119E-01,1.52691E+00
qd63x9ud,1.16000E+02,-3.20700E+01,4.57364E-01,1.53497E+00
qd63xess,1.16000E+02,-3.20600E+01,5.02728E-01,1.51071E+00
qd63xtkx,1.16000E+02,-3.20500E+01,6.29457E-01,1.57235E+00
qd63xxk9,1.16000E+02,-3.20400E+01,7.63217E-01,1.53985E+00
qd63z9he,1.16000E+02,-3.20300E+01,9.38807E-01,1.60666E+00
qd63zsu8,1.16000E+02,-3.20100E+01,1.19430E+00,1.56063E+00
qd63zwsd,1.16000E+02,-3.20000E+01,1.29664E+00,1.61120E+00
qd66p8ks,1.16000E+02,-3.19900E+01,1.38994E+00,1.56567E+00
qd66pdhw,1.16000E+02,-3.19800E+01,1.22060E+00,1.52480E+00
qd66psh9,1.16000E+02,-3.19700E+01,1.05431E+00,1.51918E+00
qd66ptue,1.16000E+02,-3.19600E+01,1.21251E+00,1.58232E+00
qd66pxst,1.16000E+02,-3.19500E+01,1.27023E+00,1.56289E+00
qd66r9s8,1.16000E+02,-3.19400E+01,1.30189E+00,1.60477E+00
qd66rekd,1.16000E+02,-3.19300E+01,1.17195E+00,1.60234E+00
qd66rths,1.16000E+02,-3.19200E+01,1.12654E+00,1.57943E+00
qd66rwuw,1.16000E+02,-3.19100E+01,1.18842E+00,1.53561E+00
qd66x8u9,1.16000E+02,-3.19000E+01,1.30140E+00,1.57582E+00
qd66xdse,1.16000E+02,-3.18900E+01,1.12935E+00,1.60798E+00
qd66xskt,1.16000E+02,-3.18800E+01,1.12648E+00,1.58600E+00
qd66xwhx,1.16000E+02,-3.18700E+01,1.26850E+00,1.54666E+00
qd67r8kw,1.16000E+02,-3.17700E+01,3.94655E-01,1.60197E+00
qd67rshd,1.16000E+02,-3.17500E+01,2.67430E-01,1.54751E+00
qd67rtut,1.16000E+02,-3.17400E+01,2.63138E-01,1.60861E+00
qd62xc5f,1.16010E+02,-3.22500E+01,8.13825E-02,1.55101E+00
qd62xfgu,1.16010E+02,-3.22400E+01,9.16738E-02,1.57318E+00
qd62xuey,1.16010E+02,-3.22300E+01,9.57517E-02,1.54265E+00
qd62xyeb,1.16010E+02,-3.22200E+01,1.10092E-01,1.53268E+00
qd62zb7g,1.16010E+02,-3.22100E+01,1.08950E-01,1.49339E+00
qd63pc7y,1.16010E+02,-3.21600E+01,1.63007E-01,1.56547E+00
qd63pg7b,1.16010E+02,-3.21500E+01,1.86217E-01,1.56286E+00
qd63pv5f,1.16010E+02,-3.21400E+01,1.98085E-01,1.56300E+00
qd63pygv,1.16010E+02,-3.21300E+01,2.28096E-01,1.50062E+00
qd63rbez,1.16010E+02,-3.21200E+01,2.44613E-01,1.61897E+00
qd63rfec,1.16010E+02,-3.21100E+01,2.78702E-01,1.59125E+00
qd63xb5b,1.16010E+02,-3.20800E+01,4.06545E-01,1.58784E+00
qd63xcgf,1.16010E+02,-3.20700E+01,4.76836E-01,1.57047E+00
qd63xgeu,1.16010E+02,-3.20600E+01,5.56264E-01,1.57682E+00
qd63xv7z,1.16010E+02,-3.20500E+01,6.46383E-01,1.58183E+00
qd63xz7c,1.16010E+02,-3.20400E+01,7.83183E-01,1.58597E+00
qd63zc5g,1.16010E+02,-3.20300E+01,9.72074E-01,1.54496E+00
qd63zugb,1.16010E+02,-3.20100E+01,1.43753E+00,1.58150E+00
qd63zyef,1.16010E+02,-3.20000E+01,1.53808E+00,1.59297E+00
qd66pb7u,1.16010E+02,-3.19900E+01,1.45490E+00,1.62780E+00
qd66pf5y,1.16010E+02,-3.19800E+01,1.45067E+00,1.51605E+00
qd66pu5c,1.16010E+02,-3.19700E+01,1.21614E+00,1.54911E+00
qd66pvgg,1.16010E+02,-3.19600E+01,1.38214E+00,1.53706E+00
qd66pzev,1.16010E+02,-3.19500E+01,1.59058E+00,1.57080E+00
qd66rceb,1.16010E+02,-3.19400E+01,1.52917E+00,1.66567E+00
qd66rg7f,1.16010E+02,-3.19300E+01,1.33067E+00,1.58811E+00
qd66rv5u,1.16010E+02,-3.19200E+01,1.36073E+00,1.55009E+00
qd66rygy,1.16010E+02,-3.19100E+01,1.30729E+00,1.56846E+00
qd66xbgc,1.16010E+02,-3.19000E+01,1.36126E+00,1.57517E+00
qd66xfeg,1.16010E+02,-3.18900E+01,1.34180E+00,1.52793E+00
qd66xu7v,1.16010E+02,-3.18800E+01,1.20504E+00,1.56740E+00
qd66xy5z,1.16010E+02,-3.18700E+01,1.41300E+00,1.60927E+00
qd67ru5f,1.16010E+02,-3.17500E+01,2.92729E-01,1.60791E+00
qd67rvgv,1.16010E+02,-3.17400E+01,2.43233E-01,1.58280E+00
qd688154,1.16020E+02,-3.22500E+01,9.15144E-02,1.53333E+00
qd6884gh,1.16020E+02,-3.22400E+01,8.76745E-02,1.55257E+00
qd68bjg1,1.16020E+02,-3.21800E+01,1.59059E-01,1.54519E+00
qd69017n,1.16020E+02,-3.21600E+01,1.69855E-01,1.58833E+00
qd690570,1.16020E+02,-3.21500E+01,1.78688E-01,1.51569E+00
qd690ngj,1.16020E+02,-3.21300E+01,2.33094E-01,1.57645E+00
qd6920ep,1.16020E+02,-3.21200E+01,2.69630E-01,1.53555E+00
qd6924e1,1.16020E+02,-3.21100E+01,2.63578E-01,1.57099E+00
qd698j7p,1.16020E+02,-3.20500E+01,6.88936E-01,1.58541E+00
qd69b155,1.16020E+02,-3.20300E+01,1.04373E+00,1.50153E+00
qd69b4gj,1.16020E+02,-3.20200E+01,1.25487E+00,1.60524E+00
qd69bhg0,1.16020E+02,-3.20100E+01,1.32287E+00,1.57568E+00
qd69bne4,1.16020E+02,-3.20000E+01,1.56259E+00,1.55993E+00
qd6d007h,1.16020E+02,-3.19900E+01,1.68123E+00,1.53268E+00
qd6d045n,1.16020E+02,-3.19800E+01,1.46326E+00,1.61216E+00
qd6d0h51,1.16020E+02,-3.19700E+01,1.32555E+00,1.58807E+00
qd6d0jg5,1.16020E+02,-3.19600E+01,1.63138E+00,1.59085E+00
qd6d0pej,1.16020E+02,-3.19500E+01,1.62424E+00,1.56747E+00
qd6d21e0,1.16020E+02,-3.19400E+01,1.58844E+00,1.55288E+00
qd6d2ngn,1.16020E+02,-3.19100E+01,1.50956E+00,1.58644E+00
qd6d80g1,1.16020E+02,-3.19000E+01,1.52283E+00,1.58086E+00
qd6d84e5,1.16020E+02,-3.18900E+01,1.45949E+00,1.56193E+00
qd6d8h7j,1.16020E+02,-3.18800E+01,1.27740E+00,1.53897E+00
qd6d8n5p,1.16020E+02,-3.18700E+01,1.53263E+00,1.57542E+00
qd6e0neh,1.16020E+02,-3.17800E+01,4.63437E-01,1.60732E+00
qd6e2h54,1.16020E+02,-3.17500E+01,3.06763E-01,1.62032E+00
qd6e2jgj,1.16020E+02,-3.17400E+01,2.44195E-01,1.58217E+00
qd68brdk,1.16030E+02,-3.21700E+01,1.61667E-01,1.55089E+00
qd69036q,1.16030E+02,-3.21600E+01,1.63595E-01,1.62525E+00
qd690qfm,1.16030E+02,-3.21300E+01,2.34419E-01,1.57906E+00
qd6922dr,1.16030E+02,-3.21200E+01,2.35334E-01,1.55904E+00
qd69bkf2,1.16030E+02,-3.20100E+01,1.48007E+00,1.61735E+00
qd69bqd6,1.16030E+02,-3.20000E+01,1.61546E+00,1.65122E+00
qd6d026k,1.16030E+02,-3.19900E+01,1.63442E+00,1.50856E+00
qd6d064q,1.16030E+02,-3.19800E+01,1.60387E+00,1.57743E+00
qd6d0k43,1.16030E+02,-3.19700E+01,1.33603E+00,1.54405E+00
qd6d0mf7,1.16030E+02,-3.19600E+01,1.58834E+00,1.60803E+00
qd6d0rdm,1.16030E+02,-3.19500E+01,1.71316E+00,1.52512E+00
qd6d23d2,1.16030E+02,-3.19400E+01,1.60794E+00,1.54904E+00
qd6d2766,1.16030E+02,-3.19300E+01,1.49443E+00,1.55945E+00
qd6d2m4k,1.16030E+02,-3.19200E+01,1.51277E+00,1.53146E+00
qd6d2qfq,1.16030E+02,-3.19100E+01,1.78312E+00,1.65039E+00
qd6d82f3,1.16030E+02,-3.19000E+01,1.77485E+00,1.55185E+00
qd6d86d7,1.16030E+02,-3.18900E+01,1.50926E+00,1.56591E+00
qd6d8k6m,1.16030E+02,-3.18800E+01,1.39230E+00,1.69439E+00
qd6d8q4r,1.16030E+02,-3.18700E+01,1.61703E+00,1.54280E+00
qd6e0qdk,1.16030E+02,-3.17800E+01,4.87671E-01,1.62478E+00
qd68bx9s,1.16040E+02,-3.21700E+01,1.43547E-01,1.58159E+00
qd69b91e,1.16040E+02,-3.20300E+01,1.02349E+00,1.54964E+00
qd69bsc8,1.16040E+02,-3.20100E+01,1.41424E+00,1.60682E+00
qd69bw9d,1.16040E+02,-3.20000E+01,1.65383E+00,1.56707E+00
qd6d083s,1.16040E+02,-3.19900E+01,1.51043E+00,1.60597E+00
qd6d0d1w,1.16040E+02,-3.19800E+01,1.42609E+00,1.59227E+00
qd6d0s19,1.16040E+02,-3.19700E+01,1.33366E+00,1.58839E+00
qd6d0tce,1.16040E+02,-3.19600E+01,1.47591E+00,1.60043E+00
qd6d0x9t,1.16040E+02,-3.19500E+01,1.58397E+00,1.55872E+00
qd6d2998,1.16040E+02,-3.19400E+01,1.50931E+00,1.57097E+00
qd6d2e3d,1.16040E+02,-3.19300E+01,1.34021E+00,1.57249E+00
qd6d2t1s,1.16040E+02,-3.19200E+01,1.33710E+00,1.66460E+00
qd6d2wcw,1.16040E+02,-3.19100E+01,1.61365E+00,1.54504E+00
qd6d88c9,1.16040E+02,-3.19000E+01,1.55284E+00,1.52359E+00
qd6d8d9e,1.16040E+02,-3.18900E+01,1.29432E+00,1.52284E+00
qd6d8s3t,1.16040E+02,-3.18800E+01,1.28483E+00,1.57268E+00
qd6d8w1x,1.16040E+02,-3.18700E+01,1.53980E+00,1.59648E+00
qd6db81d,1.16040E+02,-3.18600E+01,1.63233E+00,1.59637E+00
qd68bz9h,1.16050E+02,-3.21700E+01,1.61025E-01,1.59001E+00
qd69buc0,1.16050E+02,-3.20100E+01,1.19669E+00,1.60126E+00
qd69by94,1.16050E+02,-3.20000E+01,1.42209E+00,1.57147E+00
qd6d0b3h,1.16050E+02,-3.19900E+01,1.40538E+00,1.55680E+00
qd6d0f1n,1.16050E+02,-3.19800E+01,1.32455E+00,1.61324E+00
qd6d0u11,1.16050E+02,-3.19700E+01,1.18278E+00,1.62649E+00
qd6d0vc5,1.16050E+02,-3.19600E+01,1.46353E+00,1.59079E+00
qd6d2g34,1.16050E+02,-3.19300E+01,1.35421E+00,1.55265E+00
qd6d2v1h,1.16050E+02,-3.19200E+01,1.30845E+00,1.56110E+00
qd6d2ycn,1.16050E+02,-3.19100E+01,1.55970E+00,1.53378E+00
qd6d8bc1,1.16050E+02,-3.19000E+01,1.45302E+00,1.54784E+00
qd6d8f95,1.16050E+02,-3.18900E+01,1.27340E+00,1.57350E+00
qd6d8u3j,1.16050E+02,-3.18800E+01,1.21663E+00,1.60988E+00
qd6d8y1p,1.16050E+02,-3.18700E+01,1.49470E+00,1.57011E+00
qd6dbb14,1.16050E+02,-3.18600E+01,1.65602E+00,1.60964E+00
qd68c40m,1.16060E+02,-3.22000E+01,1.08332E-01,1.54282E+00
qd68c5br,1.16060E+02,-3.21900E+01,1.23693E-01,1.59621E+00
qd68cp8k,1.16060E+02,-3.21700E+01,1.34233E-01,1.57142E+00
qd69308r,1.16060E+02,-3.21200E+01,2.46386E-01,1.53218E+00
qd69chb2,1.16060E+02,-3.20100E+01,1.07777E+00,1.60634E+00
qd69cn86,1.16060E+02,-3.20000E+01,1.10913E+00,1.60433E+00
qd6d102k,1.16060E+02,-3.19900E+01,1.25390E+00,1.60644E+00
qd6d140q,1.16060E+02,-3.19800E+01,1.14472E+00,1.56862E+00
qd6d1h03,1.16060E+02,-3.19700E+01,1.09425E+00,1.60047E+00
qd6d1jb7,1.16060E+02,-3.19600E+01,1.27207E+00,1.54536E+00
qd6d1p8m,1.16060E+02,-3.19500E+01,1.15850E+00,1.54678E+00
qd6d3526,1.16060E+02,-3.19300E+01,1.14469E+00,1.60789E+00
qd6d90b3,1.16060E+02,-3.19000E+01,1.23104E+00,1.65407E+00
qd6d9487,1.16060E+02,-3.18900E+01,1.18749E+00,1.54300E+00
qd6d9h2m,1.16060E+02,-3.18800E+01,1.09310E+00,1.61882E+00
qd6d9n0r,1.16060E+02,-3.18700E+01,1.21319E+00,1.56616E+00
qd6dc006,1.16060E+02,-3.18600E+01,1.34824E+00,1.59109E+00
qd68c4pt,1.16070E+02,-3.22000E+01,1.21417E-01,1.52895E+00
qd6934x9,1.16070E+02,-3.21100E+01,2.79294E-01,1.57521E+00
qd6d10rs,1.16070E+02,-3.19900E+01,1.02085E+00,1.54141E+00
qd6d14pw,1.16070E+02,-3.19800E+01,1.08245E+00,1.52919E+00
qd6d1hp9,1.16070E+02,-3.19700E+01,9.41659E-01,1.58991E+00
qd6d1jze,1.16070E+02,-3.19600E+01,9.89744E-01,1.59422E+00
qd6d3jps,1.16070E+02,-3.19200E+01,9.10212E-01,1.56194E+00
qd6d9hrt,1.16070E+02,-3.18800E+01,1.03437E+00,1.60587E+00
qd6d9npx,1.16070E+02,-3.18700E+01,1.07222E+00,1.53849E+00
qd68cmyc,1.16080E+02,-3.21800E+01,1.32960E-01,1.62200E+00
qd691qyv,1.16080E+02,-3.21300E+01,2.05263E-01,1.56583E+00
qd6d37qf,1.16080E+02,-3.19300E+01,7.99920E-01,1.58013E+00
qd6d3mnu,1.16080E+02,-3.19200E+01,8.77596E-01,1.60086E+00
qd691vj6,1.16100E+02,-3.21400E+01,1.84619E-01,1.57328E+00
qd6d6mhh,1.16120E+02,-3.19200E+01,4.69990E-01,1.55735E+00
qd6d6qun,1.16120E+02,-3.19100E+01,5.21790E-01,1.59738E+00
qd6dds7m,1.16130E+02,-3.18800E+01,4.00803E-01,1.63360E+00
qd6d6v4s,1.16140E+02,-3.19200E+01,4.00707E-01,1.59175E+00
qd6d6yfw,1.16140E+02,-3.19100E+01,3.69785E-01,1.51170E+00
qd6ddfde,1.16140E+02,-3.18900E+01,3.85575E-01,1.58986E+00
qd6ddu6t,1.16140E+02,-3.18800E+01,3.42551E-01,1.57719E+00
qd6d7j1u,1.16150E+02,-3.19200E+01,3.11157E-01,1.57295E+00
qd6d7ncy,1.16150E+02,-3.19100E+01,3.20895E-01,1.59356E+00
qd6d7734,1.16160E+02,-3.19300E+01,2.93088E-01,1.54568E+00
qd6d7m1h,1.16160E+02,-3.19200E+01,2.94440E-01,1.56275E+00
qd6d7qcn,1.16160E+02,-3.19100E+01,3.06659E-01,1.53599E+00
qd6de2c1,1.16160E+02,-3.19000E+01,3.06206E-01,1.56956E+00
qd6d7e26,1.16170E+02,-3.19300E+01,2.64909E-01,1.54680E+00
qd6d7t0k,1.16170E+02,-3.19200E+01,2.40709E-01,1.52232E+00
qd6d7wbq,1.16170E+02,-3.19100E+01,2.55672E-01,1.56818E+00
qd6de8b3,1.16170E+02,-3.19000E+01,2.68553E-01,1.55378E+00
qd6des2m,1.16170E+02,-3.18800E+01,2.79366E-01,1.53360E+00
qd6dew0r,1.16170E+02,-3.18700E+01,2.87234E-01,1.50015E+00
qd6d7erd,1.16180E+02,-3.19300E+01,2.35330E-01,1.58610E+00
qd6d7tps,1.16180E+02,-3.19200E+01,2.50869E-01,1.61573E+00
qd6d7wzw,1.16180E+02,-3.19100E+01,2.44012E-01,1.55430E+00
qd6de8z9,1.16180E+02,-3.19000E+01,2.38195E-01,1.57842E+00
qd6dedxe,1.16180E+02,-3.18900E+01,2.36766E-01,1.59409E+00
qd6desrt,1.16180E+02,-3.18800E+01,2.30294E-01,1.54467E+00
qd6d7gqf,1.16190E+02,-3.19300E+01,2.25384E-01,1.53728E+00
qd6d7vnu,1.16190E+02,-3.19200E+01,2.08522E-01,1.54042E+00
qd6debyc,1.16190E+02,-3.19000E+01,2.05974E-01,1.62175E+00
qd6defwg,1.16190E+02,-3.18900E+01,2.11377E-01,1.54272E+00
qd6dknyq,1.16200E+02,-3.19100E+01,1.85206E-01,1.57336E+00
qd6ds0y3,1.16200E+02,-3.19000E+01,2.15228E-01,1.58874E+00
qd6ds4w7,1.16200E+02,-3.18900E+01,2.14397E-01,1.58605E+00
qd6dkqvw,1.16210E+02,-3.19100E+01,1.88889E-01,1.56046E+00
qd6ds2v9,1.16210E+02,-3.19000E+01,1.91422E-01,1.59667E+00
qd6ds6te,1.16210E+02,-3.18900E+01,1.85719E-01,1.53172E+00
qd6dskmt,1.16210E+02,-3.18800E+01,1.96690E-01,1.62146E+00
qd6ds8uc,1.16220E+02,-3.19000E+01,1.67341E-01,1.56967E+00
qd6dsdsg,1.16220E+02,-3.18900E+01,1.86416E-01,1.63569E+00
qd6dswhz,1.16220E+02,-3.18700E+01,1.66329E-01,1.57242E+00
qd6dsfs5,1.16230E+02,-3.18900E+01,1.49961E-01,1.57372E+00
